study,sample,pathway,gene,role,evtype,detail,hgvsp
chol_icgc_2017,CCA_BR_2,WNT,AXIN1,TSG,MUT,Missense_Mutation,p.V362L
chol_icgc_2017,CCA_BR_2,RTK-RAS,KRAS,OG,MUT,Missense_Mutation,p.Q61K
chol_icgc_2017,CCA_CH_1,TGF-Beta,ACVR2A,TSG,MUT,In_Frame_Del,p.V433del
chol_icgc_2017,CCA_CH_1,NOTCH,CREBBP,TSG,MUT,Nonsense_Mutation,p.Q517*
chol_icgc_2017,CCA_CH_1,RTK-RAS,FGFR1,OG,MUT,Missense_Mutation,p.S109N
chol_icgc_2017,CCA_CH_1,Hippo,HMCN1,TSG,MUT,Missense_Mutation,p.R358T
chol_icgc_2017,CCA_CH_1,PI3K,PIK3R1,TSG,MUT,Splice_Site,p.X582_splice
chol_icgc_2017,CCA_CH_3,WNT,APC,TSG,MUT,Frame_Shift_Del,p.K1593Nfs*57
chol_icgc_2017,CCA_CH_3,Cell_Cycle,CDKN2A,TSG,MUT,Frame_Shift_Del,p.D125Efs*21
chol_icgc_2017,CCA_CH_4,TP53,ATM,TSG,MUT,Missense_Mutation,p.G2695V
chol_icgc_2017,CCA_CH_4,Cell_Cycle,RB1,TSG,MUT,Splice_Site,p.X703_splice
chol_icgc_2017,CCA_CH_4,TGF-Beta,SMAD4,TSG,MUT,Missense_Mutation,p.R361H
chol_icgc_2017,CCA_CH_4,TP53,TP53,TSG,MUT,Missense_Mutation,p.P151H
chol_icgc_2017,CCA_CH_6,Cell_Cycle,CDKN2A,TSG,MUT,Splice_Site,p.X153_splice
chol_icgc_2017,CCA_CH_7,Hippo,FAT2,TSG,MUT,Missense_Mutation,p.Q1766H
chol_icgc_2017,CCA_CH_7,RTK-RAS,KRAS,OG,MUT,Missense_Mutation,p.G12D
chol_icgc_2017,CCA_CH_7,TGF-Beta,SMAD4,TSG,MUT,Nonsense_Mutation,p.S485*
chol_icgc_2017,CCA_CH_7,TP53,TP53,TSG,MUT,Splice_Site,p.X261_splice
chol_icgc_2017,CCA_CH_8,RTK-RAS,KRAS,OG,MUT,Missense_Mutation,p.G12V
chol_icgc_2017,CCA_CH_8,TP53,TP53,TSG,MUT,Missense_Mutation,p.Y163C
chol_icgc_2017,CCA_FR_3,TGF-Beta,ACVR2A,TSG,MUT,Frame_Shift_Del,p.K437Rfs*5
chol_icgc_2017,CCA_FR_3,WNT,APC,TSG,MUT,Frame_Shift_Ins,p.T1556Nfs*3
chol_icgc_2017,CCA_FR_3,RTK-RAS,ERBB4,OG,MUT,Missense_Mutation,p.R938C
chol_icgc_2017,CCA_FR_3,RTK-RAS,ERBB4,OG,MUT,Missense_Mutation,p.D376Y
chol_icgc_2017,CCA_FR_3,Hippo,HMCN1,TSG,MUT,Missense_Mutation,p.I5193F
chol_icgc_2017,CCA_FR_3,Hippo,HMCN1,TSG,MUT,Missense_Mutation,p.N871S
chol_icgc_2017,CCA_FR_3,NOTCH,NCOR1,TSG,MUT,Nonsense_Mutation,p.Q55*
chol_icgc_2017,CCA_FR_3,RTK-RAS,NF1,TSG,MUT,Frame_Shift_Del,p.Q1841Nfs*22
chol_icgc_2017,CCA_FR_3,RTK-RAS,NF1,TSG,MUT,Nonsense_Mutation,p.Q2528*
chol_icgc_2017,CCA_FR_3,NOTCH,NOTCH1,TSG,MUT,Missense_Mutation,p.A1471V
chol_icgc_2017,CCA_FR_3,PI3K,PIK3CA,OG,MUT,Missense_Mutation,p.T1025A
chol_icgc_2017,CCA_FR_3,RTK-RAS,RASA1,TSG,MUT,Frame_Shift_Del,p.P141Lfs*33
chol_icgc_2017,CCA_FR_3,RTK-RAS,RASGRF2,Unknown,MUT,Missense_Mutation,p.K489R
chol_icgc_2017,CCA_FR_3,RTK-RAS,ROS1,OG,MUT,Missense_Mutation,p.L359P
chol_icgc_2017,CCA_FR_3,TGF-Beta,TGFBR2,TSG,MUT,Frame_Shift_Del,p.K153Afs*3
chol_icgc_2017,CCA_FR_3,WNT,TLE4,TSG,MUT,Missense_Mutation,p.A127T
chol_icgc_2017,CCA_FR_3,WNT,TLE4,TSG,MUT,Missense_Mutation,p.S264F
chol_icgc_2017,CCA_FR_3,TP53,TP53,TSG,MUT,Missense_Mutation,p.R175H
chol_icgc_2017,CCA_FR_3,TP53,TP53,TSG,MUT,Missense_Mutation,p.R158C
chol_icgc_2017,CCA_FR_4,RTK-RAS,FGFR2,OG,MUT,In_Frame_Del,p.H167_N173del
chol_icgc_2017,CCA_FR_5,RTK-RAS,NRAS,OG,MUT,Missense_Mutation,p.Q61R
chol_icgc_2017,CCA_FR_6,RTK-RAS,BRAF,OG,MUT,Missense_Mutation,p.N581S
chol_icgc_2017,CCA_FR_8,NOTCH,FBXW7,TSG,MUT,Missense_Mutation,p.S182F
chol_icgc_2017,CCA_FR_11,RTK-RAS,RASA1,TSG,MUT,Frame_Shift_Del,p.P144Wfs*28
chol_icgc_2017,CCA_FR_12,RTK-RAS,BRAF,OG,MUT,Missense_Mutation,p.V600E
chol_icgc_2017,CCA_FR_14,PI3K,PTEN,TSG,MUT,Missense_Mutation,p.R173H
chol_icgc_2017,CCA_FR_14,TP53,TP53,TSG,MUT,Missense_Mutation,p.V157F
chol_icgc_2017,CCA_IT_1,WNT,APC,TSG,MUT,Nonsense_Mutation,p.E1577*
chol_icgc_2017,CCA_IT_1,RTK-RAS,ERBB4,OG,MUT,Missense_Mutation,p.Y1066H
chol_icgc_2017,CCA_IT_1,NOTCH,NCOR1,TSG,MUT,Missense_Mutation,p.S270P
chol_icgc_2017,CCA_IT_1,Cell_Cycle,RB1,TSG,MUT,Nonsense_Mutation,p.R358*
chol_icgc_2017,CCA_IT_1,PI3K,STK11,TSG,MUT,Frame_Shift_Del,p.P281Rfs*6
chol_icgc_2017,CCA_IT_1,TP53,TP53,TSG,MUT,Nonsense_Mutation,p.R306*
chol_icgc_2017,CCA_IT_2,WNT,APC,TSG,MUT,Frame_Shift_Ins,p.D1562Gfs*5
chol_icgc_2017,CCA_IT_2,RTK-RAS,KRAS,OG,MUT,Missense_Mutation,p.G12V
chol_icgc_2017,CCA_IT_2,WNT,TLE4,TSG,MUT,Splice_Site,p.X243_splice
chol_icgc_2017,CCA_IT_3,RTK-RAS,KRAS,OG,MUT,Missense_Mutation,p.G12V
chol_icgc_2017,CCA_IT_3,TGF-Beta,SMAD4,TSG,MUT,Frame_Shift_Ins,p.H530Tfs*47
chol_icgc_2017,CCA_IT_3,TP53,TP53,TSG,MUT,Splice_Site,p.X187_splice
chol_icgc_2017,CCA_IT_4,RTK-RAS,NF1,TSG,MUT,Nonsense_Mutation,p.R2450*
chol_icgc_2017,CCA_IT_4,RTK-RAS,RASA1,TSG,MUT,Nonsense_Mutation,p.W638*
chol_icgc_2017,CCA_IT_4,TGF-Beta,SMAD4,TSG,MUT,Missense_Mutation,p.G365S
chol_icgc_2017,CCA_JP_2,TP53,ATM,TSG,MUT,Nonsense_Mutation,p.L419*
chol_icgc_2017,CCA_JP_5,RTK-RAS,FGFR2,OG,MUT,Missense_Mutation,p.Y375C
chol_icgc_2017,CCA_JP_5,PI3K,PIK3CA,OG,MUT,Missense_Mutation,p.H1047L
chol_icgc_2017,CCA_JP_7,RTK-RAS,ERBB2,OG,MUT,Missense_Mutation,p.L869R
chol_icgc_2017,CCA_JP_7,TGF-Beta,SMAD4,TSG,MUT,Nonsense_Mutation,p.S474*
chol_icgc_2017,CCA_JP_8,RTK-RAS,KRAS,OG,MUT,Missense_Mutation,p.G12D
chol_icgc_2017,CCA_JP_9,NOTCH,HDAC2,Unknown,MUT,Missense_Mutation,p.Y15C
chol_icgc_2017,CCA_JP_9,RTK-RAS,NRAS,OG,MUT,Missense_Mutation,p.Q61K
chol_icgc_2017,CCA_JP_9,RTK-RAS,RET,OG,MUT,Missense_Mutation,p.M862R
chol_icgc_2017,CCA_JP_9,WNT,RNF43,TSG,MUT,Frame_Shift_Del,p.M55Wfs*7
chol_icgc_2017,CCA_JP_9,TP53,TP53,TSG,MUT,Missense_Mutation,p.R248L
chol_icgc_2017,CCA_JP_9,TP53,TP53,TSG,MUT,Missense_Mutation,p.P72R
chol_icgc_2017,CCA_JP_10,RTK-RAS,KRAS,OG,MUT,Missense_Mutation,p.G13D
chol_icgc_2017,CCA_JP_15,RTK-RAS,KRAS,OG,MUT,Missense_Mutation,p.G12D
chol_icgc_2017,CCA_JP_16,TGF-Beta,ACVR2A,TSG,MUT,Frame_Shift_Del,p.K437Rfs*5
chol_icgc_2017,CCA_JP_16,WNT,AXIN1,TSG,MUT,Missense_Mutation,p.V539I
chol_icgc_2017,CCA_JP_16,WNT,AXIN1,TSG,MUT,Missense_Mutation,p.R680L
chol_icgc_2017,CCA_JP_16,TP53,TP53,TSG,MUT,Missense_Mutation,p.R337C
chol_icgc_2017,CCA_JP_19,Hippo,HMCN1,TSG,MUT,Missense_Mutation,p.D3140A
chol_icgc_2017,CCA_JP_20,RTK-RAS,KRAS,OG,MUT,Missense_Mutation,p.G12D
chol_icgc_2017,CCA_JP_20,TGF-Beta,SMAD4,TSG,MUT,Missense_Mutation,p.Y131S
chol_icgc_2017,CCA_JP_22,RTK-RAS,NF1,TSG,MUT,Missense_Mutation,p.S1834P
chol_icgc_2017,CCA_JP_22,PI3K,PIK3CA,OG,MUT,Missense_Mutation,p.R38C
chol_icgc_2017,CCA_JP_23,RTK-RAS,ERBB2,OG,MUT,Missense_Mutation,p.G660D
chol_icgc_2017,CCA_JP_23,TP53,TP53,TSG,MUT,Missense_Mutation,p.S241F
chol_icgc_2017,CCA_JP_24,TP53,ATM,TSG,MUT,Splice_Site,p.X2067_splice
chol_icgc_2017,CCA_JP_24,TP53,ATM,TSG,MUT,Missense_Mutation,p.M2531I
chol_icgc_2017,CCA_JP_24,Hippo,FAT3,TSG,MUT,Missense_Mutation,p.I2484T
chol_icgc_2017,CCA_JP_24,Hippo,HMCN1,TSG,MUT,Missense_Mutation,p.R5088S
chol_icgc_2017,CCA_JP_24,PI3K,PIK3R1,TSG,MUT,Frame_Shift_Del,p.S460Vfs*20
chol_icgc_2017,CCA_JP_25,RTK-RAS,NRAS,OG,MUT,Missense_Mutation,p.Q61K
chol_icgc_2017,CCA_JP_26,TGF-Beta,SMAD4,TSG,MUT,Missense_Mutation,p.E330K
chol_icgc_2017,CCA_JP_26,TGF-Beta,SMAD4,TSG,MUT,Missense_Mutation,p.D351G
chol_icgc_2017,CCA_JP_26,TP53,TP53,TSG,MUT,Nonsense_Mutation,p.R342*
chol_icgc_2017,CCA_JP_27,RTK-RAS,KRAS,OG,MUT,Missense_Mutation,p.G12D
chol_icgc_2017,CCA_JP_27,TP53,TP53,TSG,MUT,Nonsense_Mutation,p.R306*
chol_icgc_2017,CCA_JP_29,TGF-Beta,ACVR2A,TSG,MUT,Missense_Mutation,p.Y388C
chol_icgc_2017,CCA_JP_30,WNT,APC,TSG,MUT,Splice_Site,p.X517_splice
chol_icgc_2017,CCA_JP_30,TP53,TP53,TSG,MUT,Missense_Mutation,p.I254T
chol_icgc_2017,CCA_JP_33,Hippo,FAT3,TSG,MUT,Missense_Mutation,p.R1510W
chol_icgc_2017,CCA_JP_33,RTK-RAS,KRAS,OG,MUT,Missense_Mutation,p.G12V
chol_icgc_2017,CCA_JP_33,TP53,TP53,TSG,MUT,Missense_Mutation,p.R175H
chol_icgc_2017,CCA_JP_35,WNT,APC,TSG,MUT,Frame_Shift_Ins,p.P1594Afs*38
chol_icgc_2017,CCA_JP_35,TGF-Beta,SMAD4,TSG,MUT,Missense_Mutation,p.R361H
chol_icgc_2017,CCA_JP_35,TP53,TP53,TSG,MUT,Nonsense_Mutation,p.Q167*
chol_icgc_2017,CCA_JP_36,RTK-RAS,NRAS,OG,MUT,Missense_Mutation,p.G12D
chol_icgc_2017,CCA_JP_37,RTK-RAS,KRAS,OG,MUT,Missense_Mutation,p.G12D
chol_icgc_2017,CCA_JP_37,TP53,TP53,TSG,MUT,Missense_Mutation,p.I195T
chol_icgc_2017,CCA_JP_38,RTK-RAS,KRAS,OG,MUT,Missense_Mutation,p.G12V
chol_icgc_2017,CCA_JP_39,RTK-RAS,RASA1,TSG,MUT,Frame_Shift_Del,p.P145Rfs*10
chol_icgc_2017,CCA_JP_40,NOTCH,CREBBP,TSG,MUT,Missense_Mutation,p.M1865I
chol_icgc_2017,CCA_JP_40,NOTCH,NOTCH2,TSG,MUT,In_Frame_Del,p.A1856del
chol_icgc_2017,CCA_JP_40,WNT,RNF43,TSG,MUT,Frame_Shift_Del,p.G659Vfs*41
chol_icgc_2017,CCA_JP_40,PI3K,STK11,TSG,MUT,Frame_Shift_Del,p.F264Rfs*22
chol_icgc_2017,CCA_JP_41,WNT,APC,TSG,MUT,Frame_Shift_Del,p.K2050Rfs*23
chol_icgc_2017,CCA_JP_41,RTK-RAS,BRAF,OG,MUT,Missense_Mutation,p.D594A
chol_icgc_2017,CCA_JP_41,PI3K,PTEN,TSG,MUT,Splice_Site,p.X267_splice
chol_icgc_2017,CCA_JP_41,PI3K,PTEN,TSG,MUT,Missense_Mutation,p.Y138D
chol_icgc_2017,CCA_JP_41,RTK-RAS,ROS1,OG,MUT,Missense_Mutation,p.Q966K
chol_icgc_2017,CCA_JP_41,TP53,TP53,TSG,MUT,Nonsense_Mutation,p.R306*
chol_icgc_2017,CCA_JP_42,WNT,APC,TSG,MUT,Nonsense_Mutation,p.Q1541*
chol_icgc_2017,CCA_JP_42,TP53,TP53,TSG,MUT,Missense_Mutation,p.E258G
chol_icgc_2017,CCA_JP_44,WNT,AXIN1,TSG,MUT,Splice_Site,p.X372_splice
chol_icgc_2017,CCA_JP_44,RTK-RAS,FGFR1,OG,MUT,Missense_Mutation,p.R87C
chol_icgc_2017,CCA_JP_44,RTK-RAS,KRAS,OG,MUT,Missense_Mutation,p.G13D
chol_icgc_2017,CCA_JP_44,TP53,TP53,TSG,MUT,Missense_Mutation,p.R248W
chol_icgc_2017,CCA_JP_45,RTK-RAS,NRAS,OG,MUT,Missense_Mutation,p.G12D
chol_icgc_2017,CCA_JP_45,PI3K,PIK3CA,OG,MUT,Missense_Mutation,p.Q731R
chol_icgc_2017,CCA_JP_45,TP53,TP53,TSG,MUT,Splice_Site,p.X187_splice
chol_icgc_2017,CCA_JP_48,RTK-RAS,MET,OG,MUT,Missense_Mutation,p.Y1230H
chol_icgc_2017,CCA_JP_51,NOTCH,FBXW7,TSG,MUT,Missense_Mutation,p.T536K
chol_icgc_2017,CCA_JP_52,Cell_Cycle,CDK6,OG,MUT,Missense_Mutation,p.E308K
chol_icgc_2017,CCA_JP_54,WNT,APC,TSG,MUT,Nonsense_Mutation,p.Q1480*
chol_icgc_2017,CCA_JP_54,RTK-RAS,KRAS,OG,MUT,Missense_Mutation,p.Q61H
chol_icgc_2017,CCA_JP_56,TGF-Beta,ACVR2A,TSG,MUT,Frame_Shift_Del,p.K437Rfs*5
chol_icgc_2017,CCA_JP_56,WNT,APC,TSG,MUT,Frame_Shift_Del,p.K1628Sfs*22
chol_icgc_2017,CCA_JP_56,Cell_Cycle,CDKN2A,TSG,MUT,Nonsense_Mutation,p.R80*
chol_icgc_2017,CCA_JP_56,NOTCH,FBXW7,TSG,MUT,Missense_Mutation,p.R479Q
chol_icgc_2017,CCA_JP_56,RTK-RAS,NF1,TSG,MUT,Frame_Shift_Del,p.F2197Cfs*44
chol_icgc_2017,CCA_JP_56,TP53,TP53,TSG,MUT,Missense_Mutation,p.I232T
chol_icgc_2017,CCA_JP_56,PI3K,TSC1,TSG,MUT,Frame_Shift_Del,p.L203Cfs*7
chol_icgc_2017,CCA_JP_59,RTK-RAS,KRAS,OG,MUT,Missense_Mutation,p.G12V
chol_icgc_2017,CCA_JP_59,TGF-Beta,SMAD4,TSG,MUT,Missense_Mutation,p.D351N
chol_icgc_2017,CCA_JP_62,RTK-RAS,NF1,TSG,MUT,Missense_Mutation,p.L1361P
chol_icgc_2017,CCA_JP_62,RTK-RAS,NF1,TSG,MUT,Missense_Mutation,p.N1335I
chol_icgc_2017,CCA_JP_62,RTK-RAS,NF1,TSG,MUT,Missense_Mutation,p.L216P
chol_icgc_2017,CCA_JP_62,NOTCH,NOTCH2,TSG,MUT,Missense_Mutation,p.Q607H
chol_icgc_2017,CCA_JP_62,NOTCH,NOTCH4,TSG,MUT,Missense_Mutation,p.S351R
chol_icgc_2017,CCA_JP_62,PI3K,PIK3R1,TSG,MUT,Nonsense_Mutation,p.Y408*
chol_icgc_2017,CCA_JP_62,WNT,RNF43,TSG,MUT,Nonsense_Mutation,p.W259*
chol_icgc_2017,CCA_JP_62,TGF-Beta,SMAD4,TSG,MUT,Missense_Mutation,p.C499R
chol_icgc_2017,CCA_JP_64,Hippo,FAT3,TSG,MUT,Missense_Mutation,p.R3276Q
chol_icgc_2017,CCA_JP_64,Hippo,HMCN1,TSG,MUT,Nonsense_Mutation,p.R3669*
chol_icgc_2017,CCA_JP_64,RTK-RAS,MRAS,Unknown,MUT,Missense_Mutation,p.R78Q
chol_icgc_2017,CCA_JP_64,NOTCH,NOTCH1,TSG,MUT,Missense_Mutation,p.V2347I
chol_icgc_2017,CCA_JP_64,RTK-RAS,RASA1,TSG,MUT,Missense_Mutation,p.R903Q
chol_icgc_2017,CCA_JP_64,WNT,RNF43,TSG,MUT,Frame_Shift_Del,p.G659Vfs*41
chol_icgc_2017,CCA_JP_64,TGF-Beta,TGFBR2,TSG,MUT,Missense_Mutation,p.V412A
chol_icgc_2017,CCA_JP_65,TGF-Beta,SMAD4,TSG,MUT,Missense_Mutation,p.D537G
chol_icgc_2017,CCA_JP_66,WNT,AXIN1,TSG,MUT,Nonsense_Mutation,p.K165*
chol_icgc_2017,CCA_JP_66,NOTCH,CREBBP,TSG,MUT,Missense_Mutation,p.S139N
chol_icgc_2017,CCA_JP_66,RTK-RAS,KRAS,OG,MUT,Missense_Mutation,p.A146T
chol_icgc_2017,CCA_JP_67,TP53,TP53,TSG,MUT,Nonsense_Mutation,p.R306*
chol_icgc_2017,CCA_JP_68,NOTCH,ITCH,Unknown,MUT,Missense_Mutation,p.P289Q
chol_icgc_2017,CCA_JP_68,RTK-RAS,KRAS,OG,MUT,Missense_Mutation,p.G12D
chol_icgc_2017,CCA_JP_68,TP53,TP53,TSG,MUT,Missense_Mutation,p.G245S
chol_icgc_2017,CCA_JP_69,Cell_Cycle,CDKN2A,TSG,MUT,Frame_Shift_Del,p.V82Gfs*34
chol_icgc_2017,CCA_JP_69,TP53,TP53,TSG,MUT,Frame_Shift_Del,p.P142Sfs*26
chol_icgc_2017,CCA_JP_70,RTK-RAS,NF1,TSG,MUT,Nonsense_Mutation,p.S1834*
chol_icgc_2017,CCA_JP_72,RTK-RAS,BRAF,OG,MUT,Missense_Mutation,p.G466A
chol_icgc_2017,CCA_JP_72,RTK-RAS,ERBB2,OG,MUT,Missense_Mutation,p.G292R
chol_icgc_2017,CCA_JP_72,Hippo,FAT3,TSG,MUT,Nonsense_Mutation,p.E3643*
chol_icgc_2017,CCA_JP_73,RTK-RAS,KRAS,OG,MUT,Missense_Mutation,p.G12D
chol_icgc_2017,CCA_JP_73,WNT,RNF43,TSG,MUT,Frame_Shift_Ins,p.D465Qfs*2
chol_icgc_2017,CCA_JP_74,RTK-RAS,KRAS,OG,MUT,Missense_Mutation,p.G12V
chol_icgc_2017,CCA_JP_75,Hippo,FAT2,TSG,MUT,Missense_Mutation,p.P1638Q
chol_icgc_2017,CCA_JP_78,NOTCH,FBXW7,TSG,MUT,Nonsense_Mutation,p.W406*
chol_icgc_2017,CCA_JP_78,PI3K,PIK3R1,TSG,MUT,Splice_Site,p.X279_splice
chol_icgc_2017,CCA_JP_78,RTK-RAS,RET,OG,MUT,Missense_Mutation,p.L239Q
chol_icgc_2017,CCA_JP_79,TGF-Beta,ACVR2A,TSG,MUT,Frame_Shift_Del,p.K437Rfs*5
chol_icgc_2017,CCA_JP_79,WNT,APC,TSG,MUT,Nonsense_Mutation,p.R283*
chol_icgc_2017,CCA_JP_79,NOTCH,CREBBP,TSG,MUT,Missense_Mutation,p.A1824T
chol_icgc_2017,CCA_JP_79,WNT,CTNNB1,OG,MUT,Missense_Mutation,p.T41A
chol_icgc_2017,CCA_JP_79,RTK-RAS,ERBB2,OG,MUT,Missense_Mutation,p.R897W
chol_icgc_2017,CCA_JP_79,RTK-RAS,FGFR2,OG,MUT,Missense_Mutation,p.M640I
chol_icgc_2017,CCA_JP_79,Hippo,HMCN1,TSG,MUT,Missense_Mutation,p.P5334L
chol_icgc_2017,CCA_JP_79,NOTCH,NOTCH2,TSG,MUT,Missense_Mutation,p.A2319V
chol_icgc_2017,CCA_JP_79,PI3K,PIK3R1,TSG,MUT,Missense_Mutation,p.N564D
chol_icgc_2017,CCA_JP_79,TGF-Beta,SMAD4,TSG,MUT,Missense_Mutation,p.R361H
chol_icgc_2017,CCA_JP_79,TP53,TP53,TSG,MUT,Missense_Mutation,p.R248Q
chol_icgc_2017,CCA_JP_81,RTK-RAS,KRAS,OG,MUT,Missense_Mutation,p.G12A
chol_icgc_2017,CCA_JP_81,TP53,TP53,TSG,MUT,Missense_Mutation,p.F134C
chol_icgc_2017,CCA_JP_82,PI3K,PIK3R1,TSG,MUT,Missense_Mutation,p.Y657C
chol_icgc_2017,CCA_JP_87,NOTCH,NOTCH4,TSG,MUT,Missense_Mutation,p.R385C
chol_icgc_2017,CCA_JP_89,RTK-RAS,BRAF,OG,MUT,Missense_Mutation,p.L597V
chol_icgc_2017,CCA_JP_89,RTK-RAS,NRAS,OG,MUT,Missense_Mutation,p.Q61R
chol_icgc_2017,CCA_JP_91,RTK-RAS,KRAS,OG,MUT,Missense_Mutation,p.G12V
chol_icgc_2017,CCA_JP_91,Cell_Cycle,RB1,TSG,MUT,Nonsense_Mutation,p.W681*
chol_icgc_2017,CCA_JP_91,TP53,TP53,TSG,MUT,Nonsense_Mutation,p.Q331*
chol_icgc_2017,CCA_JP_92,Hippo,FAT2,TSG,MUT,Missense_Mutation,p.R4236Q
chol_icgc_2017,CCA_JP_92,RTK-RAS,RET,OG,MUT,Missense_Mutation,p.L1077I
chol_icgc_2017,CCA_JP_92,TGF-Beta,SMAD4,TSG,MUT,Frame_Shift_Ins,p.E167*
chol_icgc_2017,CCA_JP_93,RTK-RAS,KRAS,OG,MUT,Missense_Mutation,p.G12D
chol_icgc_2017,CCA_JP_93,TP53,TP53,TSG,MUT,Splice_Site,p.X307_splice
chol_icgc_2017,CCA_JP_93,TP53,TP53,TSG,MUT,Missense_Mutation,p.A307V
chol_icgc_2017,CCA_JP_94,Hippo,FAT2,TSG,MUT,Missense_Mutation,p.R4236Q
chol_icgc_2017,CCA_JP_94,NOTCH,NOTCH4,TSG,MUT,Missense_Mutation,p.A1650S
chol_icgc_2017,CCA_JP_94,Cell_Cycle,RB1,TSG,MUT,Splice_Site,p.X203_splice
chol_icgc_2017,CCA_JP_94,RTK-RAS,RET,OG,MUT,Missense_Mutation,p.L1077I
chol_icgc_2017,CCA_JP_94,TGF-Beta,SMAD4,TSG,MUT,Frame_Shift_Ins,p.E167*
chol_icgc_2017,CCA_JP_97,RTK-RAS,ROS1,OG,MUT,Missense_Mutation,p.N1322S
chol_icgc_2017,CCA_JP_98,PI3K,STK11,TSG,MUT,Frame_Shift_Del,p.I99Ffs*4
chol_icgc_2017,CCA_JP_99,RTK-RAS,NRAS,OG,MUT,Missense_Mutation,p.Q61R
chol_icgc_2017,CCA_JP_101,Hippo,FAT3,TSG,MUT,Missense_Mutation,p.V1126F
chol_icgc_2017,CCA_JP_101,NOTCH,NOTCH4,TSG,MUT,Missense_Mutation,p.R585L
chol_icgc_2017,CCA_JP_101,TP53,TP53,TSG,MUT,Missense_Mutation,p.Y234C
chol_icgc_2017,CCA_JP_102,TP53,TP53,TSG,MUT,Missense_Mutation,p.R280T
chol_icgc_2017,CCA_JP_106,NOTCH,CREBBP,TSG,MUT,Missense_Mutation,p.T1939P
chol_icgc_2017,CCA_JP_108,RTK-RAS,KRAS,OG,MUT,Missense_Mutation,p.Q61H
chol_icgc_2017,CCA_JP_109,TP53,TP53,TSG,MUT,Frame_Shift_Del,p.R209Kfs*6
chol_icgc_2017,CCA_JP_111,Hippo,HMCN1,TSG,MUT,Missense_Mutation,p.Q3576R
chol_icgc_2017,CCA_JP_111,PI3K,PIK3R1,TSG,MUT,Missense_Mutation,p.S565I
chol_icgc_2017,CCA_JP_111,TGF-Beta,TGFBR2,TSG,MUT,Missense_Mutation,p.R381Q
chol_icgc_2017,CCA_JP_111,NOTCH,THBS2,Unknown,MUT,Missense_Mutation,p.R46C
chol_icgc_2017,CCA_JP_112,RTK-RAS,ERBB4,OG,MUT,Missense_Mutation,p.R847C
chol_icgc_2017,CCA_JP_112,PI3K,PIK3R1,TSG,MUT,In_Frame_Del,p.T576del
chol_icgc_2017,CCA_JP_112,TP53,TP53,TSG,MUT,Missense_Mutation,p.E285K
chol_icgc_2017,CCA_JP_113,TP53,ATM,TSG,MUT,Nonsense_Mutation,p.E609*
chol_icgc_2017,CCA_JP_113,RTK-RAS,KRAS,OG,MUT,Missense_Mutation,p.G12R
chol_icgc_2017,CCA_JP_113,RTK-RAS,KRAS,OG,MUT,Missense_Mutation,p.G12V
chol_icgc_2017,CCA_JP_115,RTK-RAS,ALK,OG,MUT,Missense_Mutation,p.S468G
chol_icgc_2017,CCA_JP_115,WNT,APC,TSG,MUT,Missense_Mutation,p.S843R
chol_icgc_2017,CCA_JP_115,TP53,ATM,TSG,MUT,Missense_Mutation,p.G2695S
chol_icgc_2017,CCA_JP_115,Hippo,FAT2,TSG,MUT,Missense_Mutation,p.L1379F
chol_icgc_2017,CCA_JP_115,NOTCH,FBXW7,TSG,MUT,Frame_Shift_Del,p.R441Gfs*57
chol_icgc_2017,CCA_JP_115,RTK-RAS,KRAS,OG,MUT,Missense_Mutation,p.G12D
chol_icgc_2017,CCA_JP_115,NOTCH,NOV,TSG,MUT,Missense_Mutation,p.A193V
chol_icgc_2017,CCA_JP_115,PI3K,PIK3R1,TSG,MUT,Missense_Mutation,p.R373S
chol_icgc_2017,CCA_JP_115,RTK-RAS,RASA1,TSG,MUT,Missense_Mutation,p.G83E
chol_icgc_2017,CCA_JP_115,TP53,TP53,TSG,MUT,Missense_Mutation,p.C176Y
chol_icgc_2017,CCA_JP_118,RTK-RAS,KRAS,OG,MUT,Missense_Mutation,p.Q61R
chol_icgc_2017,CCA_JP_120,TP53,TP53,TSG,MUT,Missense_Mutation,p.R248Q
chol_icgc_2017,CCA_JP_121,TP53,ATM,TSG,MUT,Missense_Mutation,p.N6T
chol_icgc_2017,CCA_JP_121,TP53,ATM,TSG,MUT,Missense_Mutation,p.L1794M
chol_icgc_2017,CCA_JP_121,TP53,ATM,TSG,MUT,Nonsense_Mutation,p.R1618*
chol_icgc_2017,CCA_JP_121,Hippo,FAT2,TSG,MUT,Missense_Mutation,p.G1710D
chol_icgc_2017,CCA_JP_121,Hippo,FAT2,TSG,MUT,Missense_Mutation,p.F615L
chol_icgc_2017,CCA_JP_121,Hippo,FAT3,TSG,MUT,Missense_Mutation,p.R1268Q
chol_icgc_2017,CCA_JP_121,RTK-RAS,FGFR1,OG,MUT,Missense_Mutation,p.R455C
chol_icgc_2017,CCA_JP_121,Hippo,HMCN1,TSG,MUT,Missense_Mutation,p.K2685N
chol_icgc_2017,CCA_JP_121,RTK-RAS,NF1,TSG,MUT,Nonsense_Mutation,p.R2450*
chol_icgc_2017,CCA_JP_121,PI3K,PIK3CA,OG,MUT,Missense_Mutation,p.M1043I
chol_icgc_2017,CCA_JP_121,TGF-Beta,SMAD4,TSG,MUT,Missense_Mutation,p.E31K
chol_icgc_2017,CCA_JP_122,WNT,APC,TSG,MUT,Frame_Shift_Ins,p.T1556Nfs*3
chol_icgc_2017,CCA_JP_122,RTK-RAS,NF1,TSG,MUT,Missense_Mutation,p.I1709V
chol_icgc_2017,CCA_JP_122,NOTCH,NOTCH4,TSG,MUT,Missense_Mutation,p.A71S
chol_icgc_2017,CCA_JP_122,TGF-Beta,SMAD4,TSG,MUT,Missense_Mutation,p.H92L
chol_icgc_2017,CCA_JP_122,TP53,TP53,TSG,MUT,Missense_Mutation,p.H179R
chol_icgc_2017,CCA_JP_123,WNT,CTNNB1,OG,MUT,Missense_Mutation,p.S45F
chol_icgc_2017,CCA_JP_123,RTK-RAS,NRAS,OG,MUT,Missense_Mutation,p.Q61R
chol_icgc_2017,CCA_JP_123,TGF-Beta,SMAD4,TSG,MUT,Missense_Mutation,p.A406V
chol_icgc_2017,CCA_JP_124,TGF-Beta,ACVR2A,TSG,MUT,Frame_Shift_Del,p.K437Rfs*5
chol_icgc_2017,CCA_JP_124,RTK-RAS,ALK,OG,MUT,Missense_Mutation,p.A1289V
chol_icgc_2017,CCA_JP_124,RTK-RAS,ERBB4,OG,MUT,Missense_Mutation,p.D960G
chol_icgc_2017,CCA_JP_124,Hippo,FAT2,TSG,MUT,Missense_Mutation,p.Q3180P
chol_icgc_2017,CCA_JP_124,Hippo,FAT3,TSG,MUT,Frame_Shift_Del,p.I2205Sfs*2
chol_icgc_2017,CCA_JP_124,MYC,MAX,TSG,MUT,Nonsense_Mutation,p.R33*
chol_icgc_2017,CCA_JP_124,RTK-RAS,MRAS,Unknown,MUT,Missense_Mutation,p.K158N
chol_icgc_2017,CCA_JP_124,NOTCH,NOTCH1,TSG,MUT,Missense_Mutation,p.R613C
chol_icgc_2017,CCA_JP_124,RTK-RAS,RASA1,TSG,MUT,Nonsense_Mutation,p.R749*
chol_icgc_2017,CCA_JP_124,WNT,RNF43,TSG,MUT,Frame_Shift_Del,p.G659Vfs*41
chol_icgc_2017,CCA_JP_124,NOTCH,THBS2,Unknown,MUT,Missense_Mutation,p.P53L
chol_icgc_2017,CCA_JP_124,NOTCH,THBS2,Unknown,MUT,Missense_Mutation,p.R462H
chol_icgc_2017,CCA_JP_124,WNT,TLE4,TSG,MUT,Missense_Mutation,p.K446N
chol_icgc_2017,CCA_JP_124,WNT,TLE4,TSG,MUT,Missense_Mutation,p.D192E
chol_icgc_2017,CCA_JP_124,TP53,TP53,TSG,MUT,Missense_Mutation,p.G245S
chol_icgc_2017,CCA_JP_127,RTK-RAS,FGFR3,OG,MUT,Missense_Mutation,p.F767L
chol_icgc_2017,CCA_JP_127,RTK-RAS,KRAS,OG,MUT,Missense_Mutation,p.G12D
chol_icgc_2017,CCA_JP_129,RTK-RAS,ERBB2,OG,MUT,Missense_Mutation,p.V842I
chol_icgc_2017,CCA_JP_129,PI3K,PIK3CA,OG,MUT,Missense_Mutation,p.D84N
chol_icgc_2017,CCA_JP_129,TP53,TP53,TSG,MUT,Nonsense_Mutation,p.R213*
chol_icgc_2017,CCA_JP_130,RTK-RAS,FGFR1,OG,MUT,Missense_Mutation,p.M668T
chol_icgc_2017,CCA_JP_132,TGF-Beta,ACVR2A,TSG,MUT,Frame_Shift_Del,p.K437Rfs*5
chol_icgc_2017,CCA_JP_132,WNT,CTNNB1,OG,MUT,Missense_Mutation,p.R647G
chol_icgc_2017,CCA_JP_132,Hippo,HMCN1,TSG,MUT,Frame_Shift_Del,p.T334Qfs*26
chol_icgc_2017,CCA_JP_132,Hippo,HMCN1,TSG,MUT,Nonsense_Mutation,p.R383*
chol_icgc_2017,CCA_JP_132,NOTCH,NOTCH4,TSG,MUT,Frame_Shift_Del,p.V908Rfs*27
chol_icgc_2017,CCA_JP_132,RTK-RAS,PDGFRB,OG,MUT,Missense_Mutation,p.V1007I
chol_icgc_2017,CCA_JP_132,PI3K,PIK3CA,OG,MUT,Missense_Mutation,p.R108H
chol_icgc_2017,CCA_JP_132,TP53,TP53,TSG,MUT,Frame_Shift_Ins,p.P36Afs*7
chol_icgc_2017,CCA_JP_133,TGF-Beta,ACVR2A,TSG,MUT,Frame_Shift_Del,p.K437Rfs*5
chol_icgc_2017,CCA_JP_133,NOTCH,CREBBP,TSG,MUT,Missense_Mutation,p.R1851C
chol_icgc_2017,CCA_JP_134,RTK-RAS,NF1,TSG,MUT,Missense_Mutation,p.L2337P
chol_icgc_2017,CCA_JP_135,RTK-RAS,ROS1,OG,MUT,In_Frame_Del,p.S296del
chol_icgc_2017,CCA_JP_135,TP53,TP53,TSG,MUT,In_Frame_Del,p.P177_C182del
chol_icgc_2017,CCA_JP_136,TP53,TP53,TSG,MUT,Missense_Mutation,p.A138V
chol_icgc_2017,CCA_JP_137,Cell_Cycle,CDKN1B,TSG,MUT,Nonsense_Mutation,p.E54*
chol_icgc_2017,CCA_JP_138,RTK-RAS,KRAS,OG,MUT,Missense_Mutation,p.Q61H
chol_icgc_2017,CCA_JP_138,NOTCH,NCOR1,TSG,MUT,Nonsense_Mutation,p.Q1993*
chol_icgc_2017,CCA_JP_138,TP53,TP53,TSG,MUT,Missense_Mutation,p.S127F
chol_icgc_2017,CCA_JP_139,TGF-Beta,SMAD4,TSG,MUT,Missense_Mutation,p.G419R
chol_icgc_2017,CCA_JP_142,NOTCH,NOTCH4,TSG,MUT,Missense_Mutation,p.Q1982E
chol_icgc_2017,CCA_JP_143,RTK-RAS,KRAS,OG,MUT,Missense_Mutation,p.G12V
chol_icgc_2017,CCA_JP_143,PI3K,STK11,TSG,MUT,Nonsense_Mutation,p.Q220*
chol_icgc_2017,CCA_JP_144,RTK-RAS,RASA1,TSG,MUT,Frame_Shift_Del,p.C771Afs*3
chol_icgc_2017,CCA_JP_146,RTK-RAS,KRAS,OG,MUT,Missense_Mutation,p.G12A
chol_icgc_2017,CCA_JP_147,TP53,ATM,TSG,MUT,Missense_Mutation,p.V2424L
chol_icgc_2017,CCA_JP_147,TP53,ATM,TSG,MUT,Missense_Mutation,p.Y103D
chol_icgc_2017,CCA_JP_147,Cell_Cycle,RB1,TSG,MUT,Frame_Shift_Del,p.E184*
chol_icgc_2017,CCA_JP_147,Cell_Cycle,RB1,TSG,MUT,Frame_Shift_Ins,p.N186Gfs*2
chol_icgc_2017,CCA_JP_147,Cell_Cycle,RB1,TSG,MUT,Frame_Shift_Del,p.N186Sfs*15
chol_icgc_2017,CCA_JP_147,TGF-Beta,SMAD4,TSG,MUT,Frame_Shift_Del,p.V341Lfs*7
chol_icgc_2017,CCA_JP_148,RTK-RAS,KRAS,OG,MUT,Missense_Mutation,p.G12D
chol_icgc_2017,CCA_JP_149,RTK-RAS,KRAS,OG,MUT,Missense_Mutation,p.G12V
chol_icgc_2017,CCA_JP_149,TP53,TP53,TSG,MUT,Splice_Site,p.X331_splice
chol_icgc_2017,CCA_JP_151,RTK-RAS,KRAS,OG,MUT,Missense_Mutation,p.Q61H
chol_icgc_2017,CCA_JP_151,TGF-Beta,TGFBR2,TSG,MUT,Missense_Mutation,p.N169S
chol_icgc_2017,CCA_JP_152,RTK-RAS,KRAS,OG,MUT,Missense_Mutation,p.G12D
chol_icgc_2017,CCA_JP_152,RTK-RAS,RASA1,TSG,MUT,Missense_Mutation,p.C372F
chol_icgc_2017,CCA_JP_152,TGF-Beta,SMAD4,TSG,MUT,Missense_Mutation,p.R361G
chol_icgc_2017,CCA_JP_153,RTK-RAS,ERBB4,OG,MUT,Missense_Mutation,p.Q1126K
chol_icgc_2017,CCA_JP_155,TP53,ATM,TSG,MUT,Nonsense_Mutation,p.E2304*
chol_icgc_2017,CCA_JP_156,RTK-RAS,ERBB2,OG,MUT,Missense_Mutation,p.D769H
chol_icgc_2017,CCA_JP_157,WNT,APC,TSG,MUT,Frame_Shift_Del,p.N261Efs*28
chol_icgc_2017,CCA_JP_157,TGF-Beta,SMAD4,TSG,MUT,Missense_Mutation,p.R361H
chol_icgc_2017,CCA_JP_157,PI3K,STK11,TSG,MUT,Nonsense_Mutation,p.E121*
chol_icgc_2017,CCA_JP_158,WNT,APC,TSG,MUT,Frame_Shift_Del,p.T1653Qfs*5
chol_icgc_2017,CCA_JP_158,WNT,APC,TSG,MUT,Missense_Mutation,p.V2630I
chol_icgc_2017,CCA_JP_158,RTK-RAS,MRAS,Unknown,MUT,Missense_Mutation,p.I179T
chol_icgc_2017,CCA_JP_159,TP53,TP53,TSG,MUT,In_Frame_Del,p.P177_C182del
chol_icgc_2017,CCA_JP_160,TGF-Beta,ACVR2A,TSG,MUT,Frame_Shift_Del,p.K437Rfs*5
chol_icgc_2017,CCA_JP_160,RTK-RAS,ERBB2,OG,MUT,Missense_Mutation,p.R678Q
chol_icgc_2017,CCA_JP_160,PI3K,PIK3CA,OG,MUT,In_Frame_Del,p.E110del
chol_icgc_2017,CCA_JP_160,RTK-RAS,RET,OG,MUT,Missense_Mutation,p.V706M
chol_icgc_2017,CCA_JP_160,WNT,RNF43,TSG,MUT,Frame_Shift_Del,p.G659Vfs*41
chol_icgc_2017,CCA_JP_160,TP53,TP53,TSG,MUT,Missense_Mutation,p.N239D
chol_icgc_2017,CCA_JP_161,PI3K,STK11,TSG,MUT,Nonsense_Mutation,p.Y60*
chol_icgc_2017,CCA_JP_163,RTK-RAS,BRAF,OG,MUT,Missense_Mutation,p.T241M
chol_icgc_2017,CCA_JP_163,PI3K,PIK3CA,OG,MUT,Missense_Mutation,p.M1043I
chol_icgc_2017,CCA_JP_165,Hippo,HMCN1,TSG,MUT,Missense_Mutation,p.R4554C
chol_icgc_2017,CCA_JP_167,RTK-RAS,FGFR2,OG,MUT,Missense_Mutation,p.N549K
chol_icgc_2017,CCA_JP_168,TGF-Beta,ACVR2A,TSG,MUT,Frame_Shift_Del,p.N43Ifs*31
chol_icgc_2017,CCA_JP_168,PI3K,STK11,TSG,MUT,Missense_Mutation,p.S283C
chol_icgc_2017,CCA_JP_168,TP53,TP53,TSG,MUT,Missense_Mutation,p.R249S
chol_icgc_2017,CCA_JP_170,WNT,APC,TSG,MUT,Frame_Shift_Del,p.R2023Efs*21
chol_icgc_2017,CCA_JP_170,NOTCH,FBXW7,TSG,MUT,Frame_Shift_Del,p.R441Gfs*57
chol_icgc_2017,CCA_JP_170,NOTCH,FBXW7,TSG,MUT,Missense_Mutation,p.V565F
chol_icgc_2017,CCA_JP_170,RTK-RAS,KRAS,OG,MUT,Missense_Mutation,p.G12A
chol_icgc_2017,CCA_JP_170,TP53,TP53,TSG,MUT,Missense_Mutation,p.R280T
chol_icgc_2017,CCA_JP_171,RTK-RAS,ERBB2,OG,MUT,Missense_Mutation,p.T862A
chol_icgc_2017,CCA_JP_171,TP53,TP53,TSG,MUT,Nonsense_Mutation,p.R196*
chol_icgc_2017,CCA_JP_172,PI3K,PIK3CA,OG,MUT,Missense_Mutation,p.H1047R
chol_icgc_2017,CCA_JP_172,TGF-Beta,SMAD4,TSG,MUT,Missense_Mutation,p.R361C
chol_icgc_2017,CCA_JP_172,PI3K,STK11,TSG,MUT,Missense_Mutation,p.R297S
chol_icgc_2017,CCA_JP_172,TP53,TP53,TSG,MUT,Nonsense_Mutation,p.R342*
chol_icgc_2017,CCA_JP_173,TGF-Beta,SMAD4,TSG,MUT,Missense_Mutation,p.G386D
chol_icgc_2017,CCA_JP_174,RTK-RAS,ROS1,OG,MUT,Missense_Mutation,p.S278R
chol_icgc_2017,CCA_JP_174,TGF-Beta,SMAD4,TSG,MUT,Missense_Mutation,p.R361C
chol_icgc_2017,CCA_JP_175,Cell_Cycle,CDKN2A,TSG,MUT,Frame_Shift_Del,p.R46Qfs*73
chol_icgc_2017,CCA_JP_175,RTK-RAS,KRAS,OG,MUT,Missense_Mutation,p.G12D
chol_icgc_2017,CCA_JP_176,WNT,APC,TSG,MUT,Missense_Mutation,p.P2065S
chol_icgc_2017,CCA_JP_177,RTK-RAS,KRAS,OG,MUT,Missense_Mutation,p.G12D
chol_icgc_2017,CCA_JP_177,NOTCH,NCOR1,TSG,MUT,Nonsense_Mutation,p.R933*
chol_icgc_2017,CCA_JP_177,TP53,TP53,TSG,MUT,Missense_Mutation,p.P278T
chol_icgc_2017,CCA_JP_178,RTK-RAS,BRAF,OG,MUT,Missense_Mutation,p.N581S
chol_icgc_2017,CCA_JP_178,RTK-RAS,FGFR2,OG,MUT,Missense_Mutation,p.N549S
chol_icgc_2017,CCA_JP_178,TP53,TP53,TSG,MUT,Missense_Mutation,p.C242G
chol_icgc_2017,CCA_JP_179,RTK-RAS,KRAS,OG,MUT,Missense_Mutation,p.Q61H
chol_icgc_2017,CCA_JP_179,TGF-Beta,SMAD4,TSG,MUT,Missense_Mutation,p.P356S
chol_icgc_2017,CCA_JP_180,RTK-RAS,KRAS,OG,MUT,Missense_Mutation,p.G12D
chol_icgc_2017,CCA_JP_181,RTK-RAS,ERBB4,OG,MUT,Missense_Mutation,p.Q1270K
chol_icgc_2017,CCA_JP_182,RTK-RAS,NRAS,OG,MUT,Missense_Mutation,p.Q61R
chol_icgc_2017,CCA_JP_184,PI3K,STK11,TSG,MUT,Nonsense_Mutation,p.R86*
chol_icgc_2017,CCA_JP_184,TP53,TP53,TSG,MUT,Missense_Mutation,p.S127F
chol_icgc_2017,CCA_JP_185,NOTCH,FBXW7,TSG,MUT,Missense_Mutation,p.C533F
chol_icgc_2017,CCA_JP_185,RTK-RAS,KRAS,OG,MUT,Missense_Mutation,p.G12V
chol_icgc_2017,CCA_JP_186,PI3K,PIK3CA,OG,MUT,Missense_Mutation,p.H1047R
chol_icgc_2017,CCA_JP_186,RTK-RAS,RASA1,TSG,MUT,Frame_Shift_Del,p.L773Wfs*18
chol_icgc_2017,CCA_JP_187,TP53,ATM,TSG,MUT,Missense_Mutation,p.N1293S
chol_icgc_2017,CCA_JP_187,Cell_Cycle,CDKN2A,TSG,MUT,Missense_Mutation,p.A36G
chol_icgc_2017,CCA_JP_187,TGF-Beta,SMAD4,TSG,MUT,Missense_Mutation,p.K436N
chol_icgc_2017,CCA_JP_187,PI3K,STK11,TSG,MUT,Frame_Shift_Ins,p.L282Rfs*6
chol_icgc_2017,CCA_JP_191,TP53,TP53,TSG,MUT,Missense_Mutation,p.I195N
chol_icgc_2017,CCA_JP_192,RTK-RAS,NF1,TSG,MUT,Splice_Site,p.X2354_splice
chol_icgc_2017,CCA_JP_193,RTK-RAS,KRAS,OG,MUT,Missense_Mutation,p.G12C
chol_icgc_2017,CCA_JP_193,TGF-Beta,SMAD4,TSG,MUT,Nonsense_Mutation,p.R445*
chol_icgc_2017,CCA_JP_193,TP53,TP53,TSG,MUT,Missense_Mutation,p.R248G
chol_icgc_2017,CCA_JP_194,RTK-RAS,KRAS,OG,MUT,Missense_Mutation,p.G12D
chol_icgc_2017,CCA_JP_194,TGF-Beta,SMAD4,TSG,MUT,Frame_Shift_Ins,p.M543Hfs*34
chol_icgc_2017,CCA_JP_195,Hippo,FAT3,TSG,MUT,Missense_Mutation,p.V929I
chol_icgc_2017,CCA_JP_195,TP53,TP53,TSG,MUT,Missense_Mutation,p.H193R
chol_icgc_2017,CCA_JP_196,NOTCH,ITCH,Unknown,MUT,Missense_Mutation,p.M16V
chol_icgc_2017,CCA_JP_196,PI3K,STK11,TSG,MUT,Missense_Mutation,p.G163D
chol_icgc_2017,CCA_JP_197,RTK-RAS,KRAS,OG,MUT,Missense_Mutation,p.A146T
chol_icgc_2017,CCA_JP_197,WNT,RNF43,TSG,MUT,Nonsense_Mutation,p.L82*
chol_icgc_2017,CCA_JP_197,PI3K,STK11,TSG,MUT,Frame_Shift_Del,p.C134Wfs*28
chol_icgc_2017,CCA_JP_198,RTK-RAS,KRAS,OG,MUT,Missense_Mutation,p.A18G
chol_icgc_2017,CCA_JP_198,TP53,TP53,TSG,MUT,Frame_Shift_Ins,p.V73Rfs*76
chol_icgc_2017,CCA_JP_199,TP53,TP53,TSG,MUT,Nonsense_Mutation,p.E204*
chol_icgc_2017,CCA_JP_200,TGF-Beta,ACVR2A,TSG,MUT,Frame_Shift_Del,p.K437Rfs*5
chol_icgc_2017,CCA_JP_200,RTK-RAS,ALK,OG,MUT,Missense_Mutation,p.S1034L
chol_icgc_2017,CCA_JP_200,Hippo,FAT3,TSG,MUT,Missense_Mutation,p.E842G
chol_icgc_2017,CCA_JP_200,Hippo,HMCN1,TSG,MUT,Missense_Mutation,p.R4782C
chol_icgc_2017,CCA_JP_200,RTK-RAS,KRAS,OG,MUT,Missense_Mutation,p.A146T
chol_icgc_2017,CCA_JP_200,RTK-RAS,RET,OG,MUT,Missense_Mutation,p.R600W
chol_icgc_2017,CCA_JP_200,WNT,RNF43,TSG,MUT,Frame_Shift_Del,p.G659Vfs*41
chol_icgc_2017,CCA_JP_200,RTK-RAS,ROS1,OG,MUT,Missense_Mutation,p.S79L
chol_icgc_2017,CCA_JP_200,TGF-Beta,TGFBR2,TSG,MUT,Missense_Mutation,p.R215H
chol_icgc_2017,CCA_JP_200,WNT,TLE4,TSG,MUT,Missense_Mutation,p.R431C
chol_icgc_2017,CCA_JP_200,WNT,WNT5B,OG,MUT,Missense_Mutation,p.T9M
chol_icgc_2017,CCA_JP_201,NOTCH,NOTCH1,TSG,MUT,Missense_Mutation,p.E2309K
chol_icgc_2017,CCA_JP_202,NOTCH,ITCH,Unknown,MUT,Missense_Mutation,p.N500S
chol_icgc_2017,CCA_JP_203,TGF-Beta,ACVR1B,TSG,MUT,Frame_Shift_Del,p.D230Efs*7
chol_icgc_2017,CCA_JP_203,RTK-RAS,BRAF,OG,MUT,Missense_Mutation,p.N581S
chol_icgc_2017,CCA_JP_203,NOTCH,NOTCH1,TSG,MUT,Missense_Mutation,p.N2295S
chol_icgc_2017,CCA_JP_203,PI3K,PTEN,TSG,MUT,Nonsense_Mutation,p.Q245*
chol_icgc_2017,CCA_JP_203,NOTCH,THBS2,Unknown,MUT,Missense_Mutation,p.E186K
chol_icgc_2017,CCA_JP_204,TP53,TP53,TSG,MUT,Nonsense_Mutation,p.E258*
chol_icgc_2017,CCA_JP_205,TGF-Beta,ACVR2A,TSG,MUT,Frame_Shift_Del,p.F12Lfs*61
chol_icgc_2017,CCA_JP_206,WNT,WNT5B,OG,MUT,Missense_Mutation,p.E203K
chol_icgc_2017,CCA_JP_207,RTK-RAS,KRAS,OG,MUT,Missense_Mutation,p.G12D
chol_icgc_2017,CCA_JP_207,TP53,TP53,TSG,MUT,Frame_Shift_Del,p.E204Wfs*41
chol_icgc_2017,CCA_JP_208,TGF-Beta,ACVR1B,TSG,MUT,Missense_Mutation,p.C417F
chol_icgc_2017,CCA_JP_208,TGF-Beta,ACVR1B,TSG,MUT,Missense_Mutation,p.R484C
chol_icgc_2017,CCA_JP_208,NOTCH,HDAC2,Unknown,MUT,Missense_Mutation,p.V123L
chol_icgc_2017,CCA_JP_208,TP53,TP53,TSG,MUT,Missense_Mutation,p.R282W
chol_icgc_2017,CCA_JP_210,RTK-RAS,KRAS,OG,MUT,Missense_Mutation,p.G12D
chol_icgc_2017,CCA_KR_2,RTK-RAS,KRAS,OG,MUT,Missense_Mutation,p.G12V
chol_icgc_2017,CCA_RO_1,RTK-RAS,KRAS,OG,MUT,Missense_Mutation,p.G13D
chol_icgc_2017,CCA_RO_1,TP53,TP53,TSG,MUT,Missense_Mutation,p.R273H
chol_icgc_2017,CCA_RO_2,RTK-RAS,KRAS,OG,MUT,Missense_Mutation,p.G12D
chol_icgc_2017,CCA_RO_2,TP53,TP53,TSG,MUT,Missense_Mutation,p.V272L
chol_icgc_2017,CCA_RO_3,TGF-Beta,ACVR2A,TSG,MUT,Frame_Shift_Del,p.K437Rfs*5
chol_icgc_2017,CCA_RO_3,NOTCH,NOTCH1,TSG,MUT,Frame_Shift_Del,p.P2138Rfs*110
chol_icgc_2017,CCA_RO_3,RTK-RAS,PDGFRB,OG,MUT,Missense_Mutation,p.R370H
chol_icgc_2017,CCA_RO_3,RTK-RAS,RASA1,TSG,MUT,Missense_Mutation,p.R283C
chol_icgc_2017,CCA_RO_3,WNT,RNF43,TSG,MUT,Frame_Shift_Del,p.G659Vfs*41
chol_icgc_2017,CCA_RO_3,RTK-RAS,ROS1,OG,MUT,Missense_Mutation,p.A1459V
chol_icgc_2017,CCA_RO_3,Hippo,STK4,TSG,MUT,Splice_Site,p.X383_splice
chol_icgc_2017,CCA_RO_3,TP53,TP53,TSG,MUT,Nonsense_Mutation,p.R306*
chol_icgc_2017,CCA_RO_3,PI3K,TSC1,TSG,MUT,Missense_Mutation,p.R706H
chol_icgc_2017,CCA_RO_4,RTK-RAS,KRAS,OG,MUT,Missense_Mutation,p.Q61H
chol_icgc_2017,CCA_RO_4,TGF-Beta,SMAD4,TSG,MUT,Missense_Mutation,p.R361C
chol_icgc_2017,CCA_RO_4,TP53,TP53,TSG,MUT,Frame_Shift_Del,p.R342Efs*3
chol_icgc_2017,CCA_RO_6,PI3K,PTEN,TSG,MUT,Frame_Shift_Del,p.V290*
chol_icgc_2017,CCA_RO_13,TP53,TP53,TSG,MUT,In_Frame_Del,p.S241del
chol_icgc_2017,CCA_RO_17,RTK-RAS,ERBB2,OG,MUT,Missense_Mutation,p.R678Q
chol_icgc_2017,CCA_RO_19,RTK-RAS,KRAS,OG,MUT,Missense_Mutation,p.G12V
chol_icgc_2017,CCA_RO_19,TP53,TP53,TSG,MUT,Missense_Mutation,p.R273L
chol_icgc_2017,CCA_RO_21,RTK-RAS,KRAS,OG,MUT,Missense_Mutation,p.G12D
chol_icgc_2017,CCA_RO_21,TP53,TP53,TSG,MUT,Missense_Mutation,p.E286V
chol_icgc_2017,CCA_RO_22,TP53,ATM,TSG,MUT,Frame_Shift_Del,p.I1453Kfs*37
chol_icgc_2017,CCA_RO_22,Cell_Cycle,CCND1,OG,MUT,Missense_Mutation,p.A253V
chol_icgc_2017,CCA_RO_22,Hippo,FAT2,TSG,MUT,Missense_Mutation,p.L3192M
chol_icgc_2017,CCA_RO_22,PI3K,PIK3CA,OG,MUT,Missense_Mutation,p.H1047L
chol_icgc_2017,CCA_RO_29,TP53,TP53,TSG,MUT,Frame_Shift_Del,p.P27Lfs*17
chol_icgc_2017,CCA_RO_31,RTK-RAS,ERBB2,OG,MUT,Missense_Mutation,p.S310Y
chol_icgc_2017,CCA_RO_31,TGF-Beta,SMAD4,TSG,MUT,Nonsense_Mutation,p.R445*
chol_icgc_2017,CCA_RO_33,TP53,TP53,TSG,MUT,Missense_Mutation,p.H179R
chol_icgc_2017,CCA_RO_35,Cell_Cycle,RB1,TSG,MUT,Missense_Mutation,p.R255Q
chol_icgc_2017,CCA_RO_36,TGF-Beta,TGFBR2,TSG,MUT,Frame_Shift_Del,p.Q219Efs*26
chol_icgc_2017,CCA_RO_37,PI3K,PIK3CA,OG,MUT,Missense_Mutation,p.H1047R
chol_icgc_2017,CCA_RO_38,WNT,APC,TSG,MUT,Frame_Shift_Ins,p.N125Kfs*14
chol_icgc_2017,CCA_RO_40,WNT,CTNNB1,OG,MUT,Missense_Mutation,p.D32Y
chol_icgc_2017,CCA_RO_40,WNT,CTNNB1,OG,MUT,Missense_Mutation,p.W383C
chol_icgc_2017,CCA_RO_40,Hippo,HMCN1,TSG,MUT,Missense_Mutation,p.V1471L
chol_icgc_2017,CCA_RO_40,WNT,TLE4,TSG,MUT,Missense_Mutation,p.A289S
chol_icgc_2017,CCA_SG_1,TGF-Beta,ACVR2A,TSG,MUT,Frame_Shift_Ins,p.R438Efs*19
chol_icgc_2017,CCA_SG_1,Cell_Cycle,CDKN1B,TSG,MUT,Nonsense_Mutation,p.E75*
chol_icgc_2017,CCA_SG_1,Hippo,FAT3,TSG,MUT,Missense_Mutation,p.Q1758L
chol_icgc_2017,CCA_SG_1,Hippo,HMCN1,TSG,MUT,Missense_Mutation,p.Q692E
chol_icgc_2017,CCA_SG_1,Cell_Cycle,RB1,TSG,MUT,Nonsense_Mutation,p.R552*
chol_icgc_2017,CCA_SG_1,TP53,TP53,TSG,MUT,Missense_Mutation,p.R158H
chol_icgc_2017,CCA_SG_2,NOTCH,NOTCH2,TSG,MUT,Missense_Mutation,p.P2422T
chol_icgc_2017,CCA_SG_3,Hippo,FAT2,TSG,MUT,Frame_Shift_Ins,p.Y3462Lfs*26
chol_icgc_2017,CCA_SG_5,Cell_Cycle,CDKN2A,TSG,MUT,Nonsense_Mutation,p.W110*
chol_icgc_2017,CCA_SG_5,RTK-RAS,KRAS,OG,MUT,Missense_Mutation,p.G12D
chol_icgc_2017,CCA_SG_5,NOTCH,THBS2,Unknown,MUT,Missense_Mutation,p.D848N
chol_icgc_2017,CCA_SG_7,PI3K,AKT1,OG,MUT,In_Frame_Del,p.E117del
chol_icgc_2017,CCA_SG_7,RTK-RAS,BRAF,OG,MUT,Missense_Mutation,p.K483E
chol_icgc_2017,CCA_SG_7,Hippo,FAT3,TSG,MUT,Missense_Mutation,p.R4278W
chol_icgc_2017,CCA_SG_7,NOTCH,ITCH,Unknown,MUT,Missense_Mutation,p.R404H
chol_icgc_2017,CCA_SG_7,RTK-RAS,PDGFRB,OG,MUT,Missense_Mutation,p.V633I
chol_icgc_2017,CCA_SG_7,RTK-RAS,RASA1,TSG,MUT,Frame_Shift_Ins,p.D334Rfs*14
chol_icgc_2017,CCA_SG_7,RTK-RAS,RASA1,TSG,MUT,Frame_Shift_Del,p.N838Mfs*4
chol_icgc_2017,CCA_SG_7,WNT,RNF43,TSG,MUT,Frame_Shift_Del,p.G659Vfs*41
chol_icgc_2017,CCA_SG_7,TGF-Beta,SMAD4,TSG,MUT,Missense_Mutation,p.R361C
chol_icgc_2017,CCA_SG_7,PI3K,STK11,TSG,MUT,Missense_Mutation,p.G163C
chol_icgc_2017,CCA_SG_8,Hippo,FAT3,TSG,MUT,Missense_Mutation,p.R2615S
chol_icgc_2017,CCA_SG_8,RTK-RAS,KRAS,OG,MUT,Missense_Mutation,p.G12D
chol_icgc_2017,CCA_SG_9,RTK-RAS,FGFR2,OG,MUT,Missense_Mutation,p.Y375C
chol_icgc_2017,CCA_SG_10,NOTCH,ITCH,Unknown,MUT,Missense_Mutation,p.D588G
chol_icgc_2017,CCA_SG_11,RTK-RAS,ERBB2,OG,MUT,In_Frame_Ins,p.Y772_A775dup
chol_icgc_2017,CCA_SG_13,RTK-RAS,EGFR,OG,MUT,Missense_Mutation,p.R427H
chol_icgc_2017,CCA_SG_14,WNT,APC,TSG,MUT,Frame_Shift_Ins,p.T1556Nfs*3
chol_icgc_2017,CCA_SG_15,RTK-RAS,FGFR2,OG,MUT,Missense_Mutation,p.Y375C
chol_icgc_2017,CCA_SG_15,NOTCH,ITCH,Unknown,MUT,Missense_Mutation,p.D226N
chol_icgc_2017,CCA_SG_16,Hippo,HMCN1,TSG,MUT,Missense_Mutation,p.V1091A
chol_icgc_2017,CCA_SG_17,RTK-RAS,ALK,OG,MUT,In_Frame_Del,p.P11_L12del
chol_icgc_2017,CCA_SG_17,Cell_Cycle,CDKN1B,TSG,MUT,Frame_Shift_Del,p.P137Rfs*8
chol_icgc_2017,CCA_SG_17,NOTCH,NOTCH1,TSG,MUT,Missense_Mutation,p.V1172M
chol_icgc_2017,CCA_SG_17,WNT,TLE4,TSG,MUT,Missense_Mutation,p.S165G
chol_icgc_2017,CCA_SG_18,WNT,AXIN1,TSG,MUT,Nonsense_Mutation,p.Q184*
chol_icgc_2017,CCA_SG_18,WNT,RNF43,TSG,MUT,Frame_Shift_Ins,p.V490Gfs*15
chol_icgc_2017,CCA_SG_18,TGF-Beta,SMAD4,TSG,MUT,Missense_Mutation,p.R361C
chol_icgc_2017,CCA_SG_18,TP53,TP53,TSG,MUT,Missense_Mutation,p.M237I
chol_icgc_2017,CCA_SG_18,PI3K,TSC1,TSG,MUT,Missense_Mutation,p.E860K
chol_icgc_2017,CCA_SG_19,RTK-RAS,FGFR2,OG,MUT,Missense_Mutation,p.F276C
chol_icgc_2017,CCA_SG_21,TGF-Beta,TGFBR2,TSG,MUT,Nonsense_Mutation,p.R520*
chol_icgc_2017,CCA_SG_22,TP53,ATM,TSG,MUT,Missense_Mutation,p.D2725V
chol_icgc_2017,CCA_SG_23,RTK-RAS,RET,OG,MUT,Missense_Mutation,p.R417C
chol_icgc_2017,CCA_SG_23,TGF-Beta,TGFBR2,TSG,MUT,Missense_Mutation,p.C146S
chol_icgc_2017,CCA_SG_23,TP53,TP53,TSG,MUT,Missense_Mutation,p.R158H
chol_icgc_2017,CCA_SG_24,RTK-RAS,FGFR3,OG,MUT,Missense_Mutation,p.K420R
chol_icgc_2017,CCA_SG_24,Hippo,HMCN1,TSG,MUT,Missense_Mutation,p.A2724S
chol_icgc_2017,CCA_SG_24,RTK-RAS,RET,OG,MUT,Missense_Mutation,p.T1078M
chol_icgc_2017,CCA_SG_24,TGF-Beta,SMAD4,TSG,MUT,In_Frame_Del,p.E108_H111del
chol_icgc_2017,CCA_SG_24,TP53,TP53,TSG,MUT,Missense_Mutation,p.G245S
chol_icgc_2017,CCA_SG_25,RTK-RAS,NRAS,OG,MUT,Missense_Mutation,p.Q61R
chol_icgc_2017,CCA_SG_28,RTK-RAS,EGFR,OG,MUT,Missense_Mutation,p.R324L
chol_icgc_2017,CCA_SG_29,TP53,TP53,TSG,MUT,Missense_Mutation,p.R249S
chol_icgc_2017,CCA_SG_34,RTK-RAS,FGFR2,OG,MUT,In_Frame_Del,p.S282_N297del
chol_icgc_2017,CCA_SG_38,RTK-RAS,KRAS,OG,MUT,Missense_Mutation,p.G12D
chol_icgc_2017,CCA_SG_38,TP53,TP53,TSG,MUT,Missense_Mutation,p.R282W
chol_icgc_2017,CCA_SG_39,TGF-Beta,SMAD4,TSG,MUT,Nonsense_Mutation,p.Q224*
chol_icgc_2017,CCA_SG_40,RTK-RAS,ERBB2,OG,MUT,In_Frame_Ins,p.Y772_A775dup
chol_icgc_2017,CCA_SG_42,WNT,AXIN1,TSG,MUT,Missense_Mutation,p.K501N
chol_icgc_2017,CCA_SG_42,RTK-RAS,ERBB4,OG,MUT,Missense_Mutation,p.P1092S
chol_icgc_2017,CCA_SG_42,Hippo,FAT3,TSG,MUT,Missense_Mutation,p.E3270K
chol_icgc_2017,CCA_SG_42,NOTCH,NOTCH2,TSG,MUT,Missense_Mutation,p.S2145L
chol_icgc_2017,CCA_SG_42,NOTCH,NOTCH4,TSG,MUT,Missense_Mutation,p.D1241H
chol_icgc_2017,CCA_SG_42,NOTCH,NOTCH4,TSG,MUT,Missense_Mutation,p.T1845R
chol_icgc_2017,CCA_SG_42,Cell_Cycle,RB1,TSG,MUT,Nonsense_Mutation,p.S463*
chol_icgc_2017,CCA_SG_42,TP53,TP53,TSG,MUT,Missense_Mutation,p.K132N
chol_icgc_2017,CCA_SG_43,Cell_Cycle,CDKN2A,TSG,MUT,In_Frame_Del,p.D74_A76del
chol_icgc_2017,CCA_SG_43,Hippo,HMCN1,TSG,MUT,Missense_Mutation,p.R4668S
chol_icgc_2017,CCA_TH_1,PI3K,PIK3CA,OG,MUT,Missense_Mutation,p.E365K
chol_icgc_2017,CCA_TH_1,TGF-Beta,SMAD4,TSG,MUT,Nonstop_Mutation,p.*553Wext*40
chol_icgc_2017,CCA_TH_2,TP53,ATM,TSG,MUT,Missense_Mutation,p.H943Q
chol_icgc_2017,CCA_TH_3,WNT,APC,TSG,MUT,Frame_Shift_Del,p.S89Qfs*36
chol_icgc_2017,CCA_TH_3,NOTCH,CREBBP,TSG,MUT,Missense_Mutation,p.V939M
chol_icgc_2017,CCA_TH_3,NOTCH,FBXW7,TSG,MUT,Frame_Shift_Del,p.S159Pfs*10
chol_icgc_2017,CCA_TH_3,Hippo,HMCN1,TSG,MUT,Missense_Mutation,p.N288H
chol_icgc_2017,CCA_TH_3,TP53,TP53,TSG,MUT,Missense_Mutation,p.S241P
chol_icgc_2017,CCA_TH_4,Hippo,FAT3,TSG,MUT,Missense_Mutation,p.S1779R
chol_icgc_2017,CCA_TH_5,NOTCH,HDAC2,Unknown,MUT,Frame_Shift_Ins,p.V12Sfs*8
chol_icgc_2017,CCA_TH_5,TGF-Beta,SMAD4,TSG,MUT,In_Frame_Del,p.G336_V341del
chol_icgc_2017,CCA_TH_5,TP53,TP53,TSG,MUT,Missense_Mutation,p.R175H
chol_icgc_2017,CCA_TH_6,RTK-RAS,FGFR2,OG,MUT,In_Frame_Del,p.V233del
chol_icgc_2017,CCA_TH_7,TP53,ATM,TSG,MUT,Missense_Mutation,p.L1078P
chol_icgc_2017,CCA_TH_7,PI3K,PTEN,TSG,MUT,Nonsense_Mutation,p.C211*
chol_icgc_2017,CCA_TH_7,TGF-Beta,SMAD4,TSG,MUT,Nonsense_Mutation,p.Q116*
chol_icgc_2017,CCA_TH_7,TP53,TP53,TSG,MUT,Missense_Mutation,p.Y236C
chol_icgc_2017,CCA_TH_8,TP53,TP53,TSG,MUT,Missense_Mutation,p.C135R
chol_icgc_2017,CCA_TH_9,TGF-Beta,SMAD4,TSG,MUT,Missense_Mutation,p.K428T
chol_icgc_2017,CCA_TH_9,TP53,TP53,TSG,MUT,Frame_Shift_Ins,p.T230Yfs*10
chol_icgc_2017,CCA_TH_10,RTK-RAS,FGFR2,OG,MUT,Missense_Mutation,p.S252W
chol_icgc_2017,CCA_TH_10,RTK-RAS,RASA1,TSG,MUT,Nonsense_Mutation,p.R789*
chol_icgc_2017,CCA_TH_10,TGF-Beta,SMAD4,TSG,MUT,Frame_Shift_Ins,p.H530Tfs*47
chol_icgc_2017,CCA_TH_10,TP53,TP53,TSG,MUT,Missense_Mutation,p.R273H
chol_icgc_2017,CCA_TH_11,RTK-RAS,BRAF,OG,MUT,Missense_Mutation,p.G464V
chol_icgc_2017,CCA_TH_11,Hippo,HMCN1,TSG,MUT,Missense_Mutation,p.R5553W
chol_icgc_2017,CCA_TH_11,PI3K,STK11,TSG,MUT,Frame_Shift_Del,p.Q214Rfs*73
chol_icgc_2017,CCA_TH_12,NOTCH,NOTCH4,TSG,MUT,Missense_Mutation,p.E152K
chol_icgc_2017,CCA_TH_12,PI3K,PTEN,TSG,MUT,Nonsense_Mutation,p.Q171*
chol_icgc_2017,CCA_TH_12,TP53,TP53,TSG,MUT,Missense_Mutation,p.K132N
chol_icgc_2017,CCA_TH_13,Hippo,FAT2,TSG,MUT,Missense_Mutation,p.E3888K
chol_icgc_2017,CCA_TH_13,NOTCH,NCOR1,TSG,MUT,Frame_Shift_Ins,p.V122Cfs*23
chol_icgc_2017,CCA_TH_13,RTK-RAS,NRAS,OG,MUT,Missense_Mutation,p.G13R
chol_icgc_2017,CCA_TH_13,TP53,TP53,TSG,MUT,Missense_Mutation,p.P72R
chol_icgc_2017,CCA_TH_14,Hippo,FAT3,TSG,MUT,Missense_Mutation,p.S275P
chol_icgc_2017,CCA_TH_14,RTK-RAS,KRAS,OG,MUT,Missense_Mutation,p.G13D
chol_icgc_2017,CCA_TH_14,PI3K,PTEN,TSG,MUT,Missense_Mutation,p.Y155C
chol_icgc_2017,CCA_TH_14,WNT,RNF43,TSG,MUT,Missense_Mutation,p.C119R
chol_icgc_2017,CCA_TH_14,TGF-Beta,SMAD4,TSG,MUT,Splice_Site,p.X483_splice
chol_icgc_2017,CCA_TH_15,NOTCH,NOTCH2,TSG,MUT,Nonsense_Mutation,p.E2064*
chol_icgc_2017,CCA_TH_15,TP53,TP53,TSG,MUT,Missense_Mutation,p.E285K
chol_icgc_2017,CCA_TH_16,RTK-RAS,KRAS,OG,MUT,Missense_Mutation,p.G12D
chol_icgc_2017,CCA_TH_16,RTK-RAS,ROS1,OG,MUT,Missense_Mutation,p.P1539H
chol_icgc_2017,CCA_TH_16,TP53,TP53,TSG,MUT,Missense_Mutation,p.S215N
chol_icgc_2017,CCA_TH_17,RTK-RAS,KRAS,OG,MUT,Missense_Mutation,p.G12A
chol_icgc_2017,CCA_TH_17,WNT,RNF43,TSG,MUT,Nonsense_Mutation,p.Q723*
chol_icgc_2017,CCA_TH_17,TGF-Beta,SMAD4,TSG,MUT,Missense_Mutation,p.H132D
chol_icgc_2017,CCA_TH_17,TP53,TP53,TSG,MUT,Missense_Mutation,p.R248W
chol_icgc_2017,CCA_TH_18,RTK-RAS,RASGRF2,Unknown,MUT,Splice_Site,p.X132_splice
chol_icgc_2017,CCA_TH_18,NOTCH,THBS2,Unknown,MUT,Missense_Mutation,p.R59C
chol_icgc_2017,CCA_TH_18,TP53,TP53,TSG,MUT,Frame_Shift_Ins,p.T140Dfs*9
chol_icgc_2017,CCA_TH_18,TP53,TP53,TSG,MUT,Frame_Shift_Del,p.C135Wfs*33
chol_icgc_2017,CCA_TH_19,NOTCH,NOTCH4,TSG,MUT,Missense_Mutation,p.G654R
chol_icgc_2017,CCA_TH_19,RTK-RAS,RASA1,TSG,MUT,Frame_Shift_Ins,p.V545Sfs*6
chol_icgc_2017,CCA_TH_19,TP53,TP53,TSG,MUT,Frame_Shift_Ins,p.N239Kfs*25
chol_icgc_2017,CCA_TH_20,TGF-Beta,ACVR1B,TSG,MUT,Frame_Shift_Del,p.D292Ifs*3
chol_icgc_2017,CCA_TH_20,Hippo,HMCN1,TSG,MUT,Nonsense_Mutation,p.R3669*
chol_icgc_2017,CCA_TH_21,WNT,APC,TSG,MUT,Frame_Shift_Ins,p.P1594Afs*38
chol_icgc_2017,CCA_TH_23,WNT,APC,TSG,MUT,Frame_Shift_Del,p.S1465Wfs*3
chol_icgc_2017,CCA_TH_23,RTK-RAS,KRAS,OG,MUT,Missense_Mutation,p.G12D
chol_icgc_2017,CCA_TH_23,PI3K,STK11,TSG,MUT,Nonsense_Mutation,p.Q152*
chol_icgc_2017,CCA_TH_24,Cell_Cycle,CDKN2A,TSG,MUT,Missense_Mutation,p.D84N
chol_icgc_2017,CCA_TH_24,PI3K,PTEN,TSG,MUT,Splice_Site,p.X212_splice
chol_icgc_2017,CCA_TH_24,TGF-Beta,SMAD4,TSG,MUT,Missense_Mutation,p.R372S
chol_icgc_2017,CCA_TH_24,TP53,TP53,TSG,MUT,Missense_Mutation,p.E285K
chol_icgc_2017,CCA_TH_25,Hippo,FAT2,TSG,MUT,Frame_Shift_Ins,p.Y3462Lfs*26
chol_icgc_2017,CCA_TH_25,TGF-Beta,SMAD4,TSG,MUT,Missense_Mutation,p.R361P
chol_icgc_2017,CCA_TH_25,TP53,TP53,TSG,MUT,Missense_Mutation,p.G105V
chol_icgc_2017,CCA_TH_26,TGF-Beta,SMAD4,TSG,MUT,Frame_Shift_Del,p.S155Vfs*2
chol_icgc_2017,CCA_TH_26,TP53,TP53,TSG,MUT,Missense_Mutation,p.L130V
chol_icgc_2017,CCA_TH_28,RTK-RAS,RASGRF2,Unknown,MUT,Missense_Mutation,p.E443K
chol_icgc_2017,CCA_TH_28,TP53,TP53,TSG,MUT,Frame_Shift_Del,p.I195Sfs*52
chol_icgc_2017,CCA_TH_29,TGF-Beta,SMAD4,TSG,MUT,Frame_Shift_Del,p.A190Hfs*12
chol_icgc_2017,CCA_TH_29,TP53,TP53,TSG,MUT,Missense_Mutation,p.L194R
chol_icgc_2017,CCA_TH_31,TP53,ATM,TSG,MUT,Missense_Mutation,p.R3008C
chol_icgc_2017,CCA_TH_31,WNT,RNF43,TSG,MUT,Missense_Mutation,p.T204R
chol_icgc_2017,CCA_TH_32,Hippo,FAT2,TSG,MUT,Missense_Mutation,p.L2674P
chol_icgc_2017,CCA_TH_32,Hippo,FAT3,TSG,MUT,Missense_Mutation,p.L1701F
chol_icgc_2017,CCA_TH_32,Hippo,FAT3,TSG,MUT,Missense_Mutation,p.R557H
chol_icgc_2017,CCA_TH_32,WNT,RNF43,TSG,MUT,Frame_Shift_Ins,p.L30Tfs*10
chol_icgc_2017,CCA_TH_32,TP53,TP53,TSG,MUT,Missense_Mutation,p.R273C
chol_icgc_2017,CCA_TH_33,TGF-Beta,SMAD4,TSG,MUT,Frame_Shift_Del,p.S32*
chol_icgc_2017,CCA_TH_33,TP53,TP53,TSG,MUT,Nonsense_Mutation,p.Y327*
chol_icgc_2017,CCA_TH_34,RTK-RAS,MET,OG,MUT,Missense_Mutation,p.N375S
chol_icgc_2017,CCA_TH_34,TP53,TP53,TSG,MUT,Missense_Mutation,p.H193R
chol_icgc_2017,CCA_TH_35,WNT,APC,TSG,MUT,Nonsense_Mutation,p.Q1627*
chol_icgc_2017,CCA_TH_35,TP53,TP53,TSG,MUT,Missense_Mutation,p.E286K
chol_icgc_2017,CCA_TH_37,TP53,TP53,TSG,MUT,Missense_Mutation,p.R282W
chol_icgc_2017,CCA_TH_38,Hippo,HMCN1,TSG,MUT,Missense_Mutation,p.N527K
chol_icgc_2017,CCA_TH_38,NOTCH,ITCH,Unknown,MUT,Nonsense_Mutation,p.Q563*
chol_icgc_2017,CCA_TH_38,TP53,TP53,TSG,MUT,Missense_Mutation,p.R273H
chol_icgc_2017,CCA_TH_42,TGF-Beta,ACVR1B,TSG,MUT,Frame_Shift_Ins,p.P196Tfs*35
chol_icgc_2017,CCA_TH_42,TGF-Beta,ACVR2A,TSG,MUT,Frame_Shift_Del,p.K437Efs*19
chol_icgc_2017,CCA_TH_42,TGF-Beta,ACVR2A,TSG,MUT,Missense_Mutation,p.R400C
chol_icgc_2017,CCA_TH_42,RTK-RAS,KRAS,OG,MUT,Missense_Mutation,p.G12C
chol_icgc_2017,CCA_TH_42,TP53,TP53,TSG,MUT,Missense_Mutation,p.R175H
chol_icgc_2017,CCA_TH_43,RTK-RAS,ALK,OG,MUT,Missense_Mutation,p.K1454N
chol_icgc_2017,CCA_TH_43,TP53,ATM,TSG,MUT,Nonsense_Mutation,p.E2539*
chol_icgc_2017,CCA_TH_43,Hippo,HMCN1,TSG,MUT,Missense_Mutation,p.R2443Q
chol_icgc_2017,CCA_TH_43,NOTCH,NOTCH4,TSG,MUT,Missense_Mutation,p.E1836K
chol_icgc_2017,CCA_TH_43,TP53,TP53,TSG,MUT,Missense_Mutation,p.V225I
chol_icgc_2017,CCA_TH_44,Cell_Cycle,CDKN2A,TSG,MUT,Missense_Mutation,p.R87W
chol_icgc_2017,CCA_TH_44,NOTCH,CREBBP,TSG,MUT,Missense_Mutation,p.T514I
chol_icgc_2017,CCA_TH_45,Hippo,HMCN1,TSG,MUT,Missense_Mutation,p.G3790A
chol_icgc_2017,CCA_TH_45,PI3K,PTEN,TSG,MUT,Missense_Mutation,p.S170N
chol_icgc_2017,CCA_TH_45,WNT,RNF43,TSG,MUT,Nonsense_Mutation,p.R113*
chol_icgc_2017,CCA_TH_45,TGF-Beta,SMAD4,TSG,MUT,Missense_Mutation,p.E330K
chol_icgc_2017,CCA_TH_45,TP53,TP53,TSG,MUT,Nonsense_Mutation,p.R306*
chol_icgc_2017,CCA_TH_46,TP53,TP53,TSG,MUT,Missense_Mutation,p.K132R
chol_icgc_2017,CCA_TH_47,TGF-Beta,SMAD4,TSG,MUT,Nonsense_Mutation,p.E538*
chol_icgc_2017,CCA_TH_48,Hippo,FAT2,TSG,MUT,Missense_Mutation,p.E23D
chol_icgc_2017,CCA_TH_48,RTK-RAS,FGFR1,OG,MUT,Missense_Mutation,p.P397L
chol_icgc_2017,CCA_TH_48,TP53,TP53,TSG,MUT,Missense_Mutation,p.G244C
chol_icgc_2017,CCA_TH_49,WNT,APC,TSG,MUT,Missense_Mutation,p.S2492F
chol_icgc_2017,CCA_TH_49,TP53,TP53,TSG,MUT,Missense_Mutation,p.Y205C
chol_icgc_2017,CCA_TH_50,TGF-Beta,ACVR1B,TSG,MUT,Missense_Mutation,p.L262I
chol_icgc_2017,CCA_TH_50,RTK-RAS,ALK,OG,MUT,Missense_Mutation,p.G695D
chol_icgc_2017,CCA_TH_50,RTK-RAS,ALK,OG,MUT,Missense_Mutation,p.R395C
chol_icgc_2017,CCA_TH_50,WNT,APC,TSG,MUT,Missense_Mutation,p.S1400L
chol_icgc_2017,CCA_TH_50,WNT,APC,TSG,MUT,Missense_Mutation,p.S2466Y
chol_icgc_2017,CCA_TH_50,WNT,APC,TSG,MUT,Missense_Mutation,p.S1861Y
chol_icgc_2017,CCA_TH_50,WNT,APC,TSG,MUT,Nonsense_Mutation,p.R2204*
chol_icgc_2017,CCA_TH_50,TP53,ATM,TSG,MUT,Missense_Mutation,p.S131P
chol_icgc_2017,CCA_TH_50,Cell_Cycle,CCND1,OG,MUT,Missense_Mutation,p.L148F
chol_icgc_2017,CCA_TH_50,WNT,CTNNB1,OG,MUT,Missense_Mutation,p.G34E
chol_icgc_2017,CCA_TH_50,WNT,CTNNB1,OG,MUT,Missense_Mutation,p.R515Q
chol_icgc_2017,CCA_TH_50,RTK-RAS,ERBB4,OG,MUT,Missense_Mutation,p.K682N
chol_icgc_2017,CCA_TH_50,RTK-RAS,ERBB4,OG,MUT,Missense_Mutation,p.R106C
chol_icgc_2017,CCA_TH_50,RTK-RAS,ERBB4,OG,MUT,Missense_Mutation,p.F689L
chol_icgc_2017,CCA_TH_50,Hippo,FAT2,TSG,MUT,Missense_Mutation,p.E4102K
chol_icgc_2017,CCA_TH_50,Hippo,FAT2,TSG,MUT,Missense_Mutation,p.S582L
chol_icgc_2017,CCA_TH_50,Hippo,FAT2,TSG,MUT,Missense_Mutation,p.S2437Y
chol_icgc_2017,CCA_TH_50,Hippo,FAT2,TSG,MUT,Missense_Mutation,p.S1195Y
chol_icgc_2017,CCA_TH_50,Hippo,FAT2,TSG,MUT,Missense_Mutation,p.V3818I
chol_icgc_2017,CCA_TH_50,Hippo,FAT2,TSG,MUT,Missense_Mutation,p.D2632Y
chol_icgc_2017,CCA_TH_50,Hippo,FAT2,TSG,MUT,Missense_Mutation,p.T3433I
chol_icgc_2017,CCA_TH_50,Hippo,FAT2,TSG,MUT,Nonsense_Mutation,p.R3465*
chol_icgc_2017,CCA_TH_50,Hippo,FAT3,TSG,MUT,Missense_Mutation,p.F1460L
chol_icgc_2017,CCA_TH_50,Hippo,FAT3,TSG,MUT,Missense_Mutation,p.F1195C
chol_icgc_2017,CCA_TH_50,Hippo,FAT3,TSG,MUT,Missense_Mutation,p.E299K
chol_icgc_2017,CCA_TH_50,Hippo,FAT3,TSG,MUT,Missense_Mutation,p.I1759S
chol_icgc_2017,CCA_TH_50,Hippo,FAT3,TSG,MUT,Missense_Mutation,p.G913D
chol_icgc_2017,CCA_TH_50,Hippo,FAT3,TSG,MUT,Nonsense_Mutation,p.R1214*
chol_icgc_2017,CCA_TH_50,Hippo,FAT3,TSG,MUT,Nonsense_Mutation,p.R218*
chol_icgc_2017,CCA_TH_50,NOTCH,FBXW7,TSG,MUT,Missense_Mutation,p.R689W
chol_icgc_2017,CCA_TH_50,NOTCH,FBXW7,TSG,MUT,Nonsense_Mutation,p.S282*
chol_icgc_2017,CCA_TH_50,RTK-RAS,FGFR1,OG,MUT,Missense_Mutation,p.K686N
chol_icgc_2017,CCA_TH_50,RTK-RAS,FGFR2,OG,MUT,Missense_Mutation,p.K161N
chol_icgc_2017,CCA_TH_50,NOTCH,HDAC2,Unknown,MUT,Missense_Mutation,p.F151L
chol_icgc_2017,CCA_TH_50,Hippo,HMCN1,TSG,MUT,Missense_Mutation,p.T4284I
chol_icgc_2017,CCA_TH_50,Hippo,HMCN1,TSG,MUT,Missense_Mutation,p.E628D
chol_icgc_2017,CCA_TH_50,Hippo,HMCN1,TSG,MUT,Missense_Mutation,p.S4928Y
chol_icgc_2017,CCA_TH_50,Hippo,HMCN1,TSG,MUT,Missense_Mutation,p.S371Y
chol_icgc_2017,CCA_TH_50,Hippo,HMCN1,TSG,MUT,Missense_Mutation,p.R3201C
chol_icgc_2017,CCA_TH_50,Hippo,HMCN1,TSG,MUT,Missense_Mutation,p.H2658Q
chol_icgc_2017,CCA_TH_50,Hippo,HMCN1,TSG,MUT,Missense_Mutation,p.A4497V
chol_icgc_2017,CCA_TH_50,Hippo,HMCN1,TSG,MUT,Missense_Mutation,p.R4623W
chol_icgc_2017,CCA_TH_50,Hippo,HMCN1,TSG,MUT,Missense_Mutation,p.D548G
chol_icgc_2017,CCA_TH_50,Hippo,HMCN1,TSG,MUT,Missense_Mutation,p.C1338G
chol_icgc_2017,CCA_TH_50,Hippo,HMCN1,TSG,MUT,Nonsense_Mutation,p.R2831*
chol_icgc_2017,CCA_TH_50,NOTCH,NCOR1,TSG,MUT,Missense_Mutation,p.S1519L
chol_icgc_2017,CCA_TH_50,NOTCH,NCOR1,TSG,MUT,Missense_Mutation,p.A1811T
chol_icgc_2017,CCA_TH_50,NOTCH,NCOR1,TSG,MUT,Nonsense_Mutation,p.E1288*
chol_icgc_2017,CCA_TH_50,RTK-RAS,NF1,TSG,MUT,Missense_Mutation,p.C2278G
chol_icgc_2017,CCA_TH_50,NOTCH,NOTCH2,TSG,MUT,Frame_Shift_Ins,p.T314Hfs*21
chol_icgc_2017,CCA_TH_50,NOTCH,NOTCH2,TSG,MUT,Missense_Mutation,p.F294Y
chol_icgc_2017,CCA_TH_50,RTK-RAS,PDGFRB,OG,MUT,Missense_Mutation,p.Y249C
chol_icgc_2017,CCA_TH_50,PI3K,PIK3CA,OG,MUT,Missense_Mutation,p.R88Q
chol_icgc_2017,CCA_TH_50,PI3K,PIK3R1,TSG,MUT,Missense_Mutation,p.N595S
chol_icgc_2017,CCA_TH_50,PI3K,PIK3R1,TSG,MUT,Nonsense_Mutation,p.R639*
chol_icgc_2017,CCA_TH_50,PI3K,PTEN,TSG,MUT,Missense_Mutation,p.K144E
chol_icgc_2017,CCA_TH_50,PI3K,PTEN,TSG,MUT,Missense_Mutation,p.D162A
chol_icgc_2017,CCA_TH_50,PI3K,PTEN,TSG,MUT,Missense_Mutation,p.F341V
chol_icgc_2017,CCA_TH_50,RTK-RAS,RASA1,TSG,MUT,Missense_Mutation,p.R709Q
chol_icgc_2017,CCA_TH_50,RTK-RAS,RASA1,TSG,MUT,Nonsense_Mutation,p.R789*
chol_icgc_2017,CCA_TH_50,RTK-RAS,RASA1,TSG,MUT,Nonsense_Mutation,p.R903*
chol_icgc_2017,CCA_TH_50,RTK-RAS,RASGRF2,Unknown,MUT,Missense_Mutation,p.R193Q
chol_icgc_2017,CCA_TH_50,Cell_Cycle,RB1,TSG,MUT,Missense_Mutation,p.R262Q
chol_icgc_2017,CCA_TH_50,RTK-RAS,ROS1,OG,MUT,Missense_Mutation,p.D2314Y
chol_icgc_2017,CCA_TH_50,RTK-RAS,ROS1,OG,MUT,Missense_Mutation,p.E2027D
chol_icgc_2017,CCA_TH_50,RTK-RAS,ROS1,OG,MUT,Missense_Mutation,p.F1523L
chol_icgc_2017,CCA_TH_50,RTK-RAS,ROS1,OG,MUT,Missense_Mutation,p.R1506I
chol_icgc_2017,CCA_TH_50,RTK-RAS,ROS1,OG,MUT,Missense_Mutation,p.S524P
chol_icgc_2017,CCA_TH_50,PI3K,STK11,TSG,MUT,Missense_Mutation,p.C134R
chol_icgc_2017,CCA_TH_50,TGF-Beta,TGFBR2,TSG,MUT,Missense_Mutation,p.D549N
chol_icgc_2017,CCA_TH_50,TGF-Beta,TGFBR2,TSG,MUT,Missense_Mutation,p.K77T
chol_icgc_2017,CCA_TH_50,WNT,WIF1,TSG,MUT,Missense_Mutation,p.R187Q
chol_icgc_2017,CCA_TH_51,TP53,ATM,TSG,MUT,Nonsense_Mutation,p.S1924*
chol_icgc_2017,CCA_TH_51,RTK-RAS,KRAS,OG,MUT,Missense_Mutation,p.A146T
chol_icgc_2017,CCA_TH_53,TP53,ATM,TSG,MUT,Splice_Site,p.X1669_splice
chol_icgc_2017,CCA_TH_53,RTK-RAS,RASA1,TSG,MUT,Frame_Shift_Ins,p.P442Tfs*11
chol_icgc_2017,CCA_TH_53,TP53,TP53,TSG,MUT,Missense_Mutation,p.P278S
chol_icgc_2017,CCA_TH_54,Hippo,FAT2,TSG,MUT,Missense_Mutation,p.R3188H
chol_icgc_2017,CCA_TH_54,TGF-Beta,TGFBR2,TSG,MUT,Missense_Mutation,p.I209V
chol_icgc_2017,CCA_TH_55,TP53,ATM,TSG,MUT,Frame_Shift_Del,p.D2672Rfs*13
chol_icgc_2017,CCA_TH_55,Hippo,FAT3,TSG,MUT,Missense_Mutation,p.R2044H
chol_icgc_2017,CCA_TH_55,RTK-RAS,KRAS,OG,MUT,Missense_Mutation,p.G12A
chol_icgc_2017,CCA_TH_56,TP53,TP53,TSG,MUT,Missense_Mutation,p.P72R
chol_icgc_2017,CCA_TH_57,RTK-RAS,PDGFRB,OG,MUT,Missense_Mutation,p.P584L
chol_icgc_2017,CCA_TH_57,Cell_Cycle,RB1,TSG,MUT,Splice_Site,p.X288_splice
chol_icgc_2017,CCA_TH_57,TGF-Beta,SMAD4,TSG,MUT,Missense_Mutation,p.C71F
chol_icgc_2017,CCA_TH_58,RTK-RAS,RASA1,TSG,MUT,Missense_Mutation,p.A45T
chol_icgc_2017,CCA_TH_58,TGF-Beta,SMAD4,TSG,MUT,Missense_Mutation,p.R361C
chol_icgc_2017,CCA_TH_58,TP53,TP53,TSG,MUT,Missense_Mutation,p.R273C
chol_icgc_2017,CCA_TH_59,Hippo,FAT3,TSG,MUT,Missense_Mutation,p.D1540N
chol_icgc_2017,CCA_TH_59,TP53,TP53,TSG,MUT,In_Frame_Del,p.M246_P250del
chol_icgc_2017,CCA_TH_60,TGF-Beta,ACVR2A,TSG,MUT,Frame_Shift_Del,p.K437Rfs*5
chol_icgc_2017,CCA_TH_60,WNT,AXIN1,TSG,MUT,Frame_Shift_Del,p.G508Vfs*197
chol_icgc_2017,CCA_TH_60,WNT,AXIN1,TSG,MUT,Missense_Mutation,p.Y822H
chol_icgc_2017,CCA_TH_60,Cell_Cycle,CDKN1B,TSG,MUT,Frame_Shift_Ins,p.Q65Sfs*60
chol_icgc_2017,CCA_TH_60,NOTCH,CREBBP,TSG,MUT,Frame_Shift_Del,p.I1084Sfs*15
chol_icgc_2017,CCA_TH_60,NOTCH,FBXW7,TSG,MUT,Missense_Mutation,p.R465C
chol_icgc_2017,CCA_TH_60,RTK-RAS,FGFR3,OG,MUT,Missense_Mutation,p.G192D
chol_icgc_2017,CCA_TH_60,RTK-RAS,FGFR4,OG,MUT,Missense_Mutation,p.A257T
chol_icgc_2017,CCA_TH_60,Hippo,HMCN1,TSG,MUT,Missense_Mutation,p.L3385I
chol_icgc_2017,CCA_TH_60,NOTCH,NOTCH2,TSG,MUT,Missense_Mutation,p.T563A
chol_icgc_2017,CCA_TH_60,TP53,TP53,TSG,MUT,Missense_Mutation,p.R273C
chol_icgc_2017,CCA_TH_60,PI3K,TSC1,TSG,MUT,Missense_Mutation,p.Q301R
chol_icgc_2017,CCA_TH_62,NOTCH,CREBBP,TSG,MUT,Missense_Mutation,p.E1061K
chol_icgc_2017,CCA_TH_62,TP53,TP53,TSG,MUT,In_Frame_Ins,p.I255_L257dup
chol_icgc_2017,CCA_TH_63,TGF-Beta,SMAD4,TSG,MUT,Frame_Shift_Del,p.L367Kfs*10
chol_icgc_2017,CCA_TH_64,RTK-RAS,MRAS,Unknown,MUT,Missense_Mutation,p.A145V
chol_icgc_2017,CCA_TH_64,TGF-Beta,SMAD4,TSG,MUT,Frame_Shift_Del,p.P522Lfs*4
chol_icgc_2017,CCA_TH_64,TGF-Beta,SMAD4,TSG,MUT,Nonsense_Mutation,p.Y413*
chol_icgc_2017,CCA_TH_64,TP53,TP53,TSG,MUT,Missense_Mutation,p.R175H
chol_icgc_2017,CCA_TH_65,TP53,ATM,TSG,MUT,Missense_Mutation,p.E2904K
chol_icgc_2017,CCA_TH_65,RTK-RAS,KRAS,OG,MUT,Missense_Mutation,p.G12V
chol_icgc_2017,CCA_TH_67,Cell_Cycle,CCNE1,OG,MUT,Missense_Mutation,p.A22T
chol_icgc_2017,CCA_TH_68,TP53,TP53,TSG,MUT,Missense_Mutation,p.R273H
chol_icgc_2017,CCA_TH_69,NOTCH,FBXW7,TSG,MUT,Missense_Mutation,p.S556I
chol_icgc_2017,CCA_TH_69,NOTCH,FBXW7,TSG,MUT,Missense_Mutation,p.H580Y
chol_icgc_2017,CCA_TH_70,TP53,ATM,TSG,MUT,Nonsense_Mutation,p.Q675*
chol_icgc_2017,CCA_TH_70,Hippo,HMCN1,TSG,MUT,Missense_Mutation,p.V5539I
chol_icgc_2017,CCA_TH_71,RTK-RAS,BRAF,OG,MUT,Missense_Mutation,p.K601E
chol_icgc_2017,CCA_TH_71,TP53,TP53,TSG,MUT,Missense_Mutation,p.H178Q
chol_icgc_2017,CCA_TH_72,WNT,APC,TSG,MUT,Missense_Mutation,p.S2765G
chol_icgc_2017,CCA_TH_72,TGF-Beta,TGFBR2,TSG,MUT,Missense_Mutation,p.L461V
chol_icgc_2017,CCA_TH_72,TP53,TP53,TSG,MUT,Missense_Mutation,p.S127F
chol_icgc_2017,CCA_TH_74,RTK-RAS,ERBB2,OG,MUT,Missense_Mutation,p.S653C
chol_icgc_2017,CCA_TH_74,TGF-Beta,SMAD4,TSG,MUT,Nonsense_Mutation,p.S144*
chol_icgc_2017,CCA_TH_75,WNT,RNF43,TSG,MUT,Missense_Mutation,p.G207R
chol_icgc_2017,CCA_TH_75,TP53,TP53,TSG,MUT,Missense_Mutation,p.R273C
chol_icgc_2017,CCA_TH_76,MYC,MYC,OG,MUT,Missense_Mutation,p.D41E
chol_icgc_2017,CCA_TH_76,RTK-RAS,RET,OG,MUT,Missense_Mutation,p.C430G
chol_icgc_2017,CCA_TH_76,Hippo,STK4,TSG,MUT,Nonsense_Mutation,p.R291*
chol_icgc_2017,CCA_TH_76,TP53,TP53,TSG,MUT,Frame_Shift_Ins,p.S96Pfs*55
chol_icgc_2017,CCA_TH_76,TP53,TP53,TSG,MUT,Missense_Mutation,p.S241F
chol_icgc_2017,CCA_TH_77,WNT,APC,TSG,MUT,Frame_Shift_Del,p.P114Lfs*11
chol_icgc_2017,CCA_TH_77,WNT,APC,TSG,MUT,Missense_Mutation,p.M701L
chol_icgc_2017,CCA_TH_77,RTK-RAS,KRAS,OG,MUT,Missense_Mutation,p.G12C
chol_icgc_2017,CCA_TH_77,TP53,TP53,TSG,MUT,Splice_Site,p.X126_splice
chol_icgc_2017,CCA_TH_78,TGF-Beta,SMAD4,TSG,MUT,Nonsense_Mutation,p.R445*
chol_icgc_2017,CCA_TH_78,TP53,TP53,TSG,MUT,Splice_Site,p.X125_splice
chol_icgc_2017,CCA_TH_79,PI3K,PIK3CA,OG,MUT,Missense_Mutation,p.K111E
chol_icgc_2017,CCA_TH_79,TP53,TP53,TSG,MUT,In_Frame_Del,p.P177_C182del
chol_icgc_2017,CCA_TH_81,Cell_Cycle,CDKN2A,TSG,MUT,Missense_Mutation,p.L94R
chol_icgc_2017,CCA_TH_81,RTK-RAS,FGFR1,OG,MUT,Missense_Mutation,p.A294T
chol_icgc_2017,CCA_TH_81,NOTCH,NCOR1,TSG,MUT,Nonsense_Mutation,p.S875*
chol_icgc_2017,CCA_TH_81,TP53,TP53,TSG,MUT,Missense_Mutation,p.C238Y
chol_icgc_2017,CCA_TH_82,RTK-RAS,KRAS,OG,MUT,Missense_Mutation,p.Q22K
chol_icgc_2017,CCA_TH_82,RTK-RAS,MET,OG,MUT,Missense_Mutation,p.N375S
chol_icgc_2017,CCA_TH_82,PI3K,STK11,TSG,MUT,Nonsense_Mutation,p.Q123*
chol_icgc_2017,CCA_TH_82,TP53,TP53,TSG,MUT,Missense_Mutation,p.R158H
chol_icgc_2017,CCA_TH_83,RTK-RAS,ERBB2,OG,MUT,Missense_Mutation,p.R678Q
chol_icgc_2017,CCA_TH_83,TGF-Beta,TGFBR2,TSG,MUT,Frame_Shift_Del,p.T64Mfs*18
chol_icgc_2017,CCA_TH_83,TP53,TP53,TSG,MUT,Missense_Mutation,p.Y234C
chol_icgc_2017,CCA_TH_84,TP53,TP53,TSG,MUT,Nonsense_Mutation,p.Q192*
chol_icgc_2017,CCA_TH_85,TGF-Beta,SMAD4,TSG,MUT,Missense_Mutation,p.R361S
chol_icgc_2017,CCA_TH_85,TP53,TP53,TSG,MUT,Missense_Mutation,p.V272M
chol_icgc_2017,CCA_TH_86,RTK-RAS,ERBB2,OG,MUT,Missense_Mutation,p.G776V
chol_icgc_2017,CCA_TH_86,RTK-RAS,KRAS,OG,MUT,Missense_Mutation,p.Q61L
chol_icgc_2017,CCA_TH_86,WNT,RNF43,TSG,MUT,Missense_Mutation,p.W200C
chol_icgc_2017,CCA_TH_86,TGF-Beta,SMAD4,TSG,MUT,Nonsense_Mutation,p.G423*
chol_icgc_2017,CCA_TH_86,TP53,TP53,TSG,MUT,Missense_Mutation,p.R273H
chol_icgc_2017,CCA_TH_87,NOTCH,NOTCH2,TSG,MUT,Missense_Mutation,p.K1998N
chol_icgc_2017,CCA_TH_87,TP53,TP53,TSG,MUT,Missense_Mutation,p.G245S
chol_icgc_2017,CCA_TH_88,NOTCH,FBXW7,TSG,MUT,Missense_Mutation,p.S476G
chol_icgc_2017,CCA_TH_88,Cell_Cycle,RB1,TSG,MUT,Splice_Site,p.X702_splice
chol_icgc_2017,CCA_TH_88,TGF-Beta,SMAD4,TSG,MUT,In_Frame_Del,p.Y513del
chol_icgc_2017,CCA_TH_88,TP53,TP53,TSG,MUT,Frame_Shift_Ins,p.P71Sfs*78
chol_icgc_2017,CCA_TH_88,WNT,WIF1,TSG,MUT,Missense_Mutation,p.P65L
chol_icgc_2017,CCA_TH_89,RTK-RAS,ERBB2,OG,MUT,Missense_Mutation,p.T862A
chol_icgc_2017,CCA_TH_89,TP53,TP53,TSG,MUT,Missense_Mutation,p.R273C
chol_icgc_2017,CCA_TH_90,TGF-Beta,ACVR1B,TSG,MUT,Frame_Shift_Del,p.F395*
chol_icgc_2017,CCA_TH_90,TGF-Beta,ACVR1B,TSG,MUT,Nonsense_Mutation,p.Q200*
chol_icgc_2017,CCA_TH_90,WNT,APC,TSG,MUT,Frame_Shift_Ins,p.P1453Tfs*2
chol_icgc_2017,CCA_TH_90,TP53,TP53,TSG,MUT,Missense_Mutation,p.R273H
chol_icgc_2017,CCA_TH_91,RTK-RAS,ALK,OG,MUT,Missense_Mutation,p.G129A
chol_icgc_2017,CCA_TH_91,WNT,APC,TSG,MUT,Nonsense_Mutation,p.R1450*
chol_icgc_2017,CCA_TH_91,NOTCH,FBXW7,TSG,MUT,Missense_Mutation,p.R505C
chol_icgc_2017,CCA_TH_91,RTK-RAS,KRAS,OG,MUT,Missense_Mutation,p.G13D
chol_icgc_2017,CCA_TH_91,TGF-Beta,SMAD4,TSG,MUT,Missense_Mutation,p.W101L
chol_icgc_2017,CCA_TH_91,TP53,TP53,TSG,MUT,Splice_Site,p.X33_splice
chol_icgc_2017,CCA_TH_92,Hippo,FAT2,TSG,MUT,Missense_Mutation,p.Y306H
chol_icgc_2017,CCA_TH_92,NOTCH,HDAC2,Unknown,MUT,Missense_Mutation,p.H391Y
chol_icgc_2017,CCA_TH_92,Hippo,HMCN1,TSG,MUT,Missense_Mutation,p.P2028T
chol_icgc_2017,CCA_TH_92,PI3K,STK11,TSG,MUT,Frame_Shift_Ins,p.A93Vfs*70
chol_icgc_2017,CCA_TH_92,PI3K,STK11,TSG,MUT,Frame_Shift_Del,p.R426Lfs*176
chol_icgc_2017,CCA_TH_92,TP53,TP53,TSG,MUT,Frame_Shift_Del,p.A86Vfs*55
chol_icgc_2017,CCA_TH_93,Cell_Cycle,CDKN2A,TSG,MUT,Frame_Shift_Ins,p.E61Afs*90
chol_icgc_2017,CCA_TH_93,RTK-RAS,ERBB4,OG,MUT,Missense_Mutation,p.R992H
chol_icgc_2017,CCA_TH_93,Hippo,FAT3,TSG,MUT,Missense_Mutation,p.S3908L
chol_icgc_2017,CCA_TH_93,RTK-RAS,KRAS,OG,MUT,Missense_Mutation,p.G12D
chol_icgc_2017,CCA_TH_94,Hippo,FAT2,TSG,MUT,Missense_Mutation,p.R2728Q
chol_icgc_2017,CCA_TH_94,Hippo,FAT2,TSG,MUT,Missense_Mutation,p.P4149L
chol_icgc_2017,CCA_TH_94,TP53,TP53,TSG,MUT,Missense_Mutation,p.S241F
chol_icgc_2017,CCA_TH_95,Hippo,HMCN1,TSG,MUT,Missense_Mutation,p.S2076C
chol_icgc_2017,CCA_TH_95,Hippo,HMCN1,TSG,MUT,Missense_Mutation,p.C1756Y
chol_icgc_2017,CCA_TH_95,TP53,TP53,TSG,MUT,In_Frame_Del,p.N263_F270delinsI
chol_icgc_2017,CCA_TH_96,TP53,TP53,TSG,MUT,Missense_Mutation,p.R175H
chol_icgc_2017,CCA_TH_97,WNT,APC,TSG,MUT,Frame_Shift_Del,p.S1610Ifs*40
chol_icgc_2017,CCA_TH_97,Hippo,FAT3,TSG,MUT,Missense_Mutation,p.Q1216K
chol_icgc_2017,CCA_TH_97,TP53,TP53,TSG,MUT,Missense_Mutation,p.C135Y
chol_icgc_2017,CCA_TH_98,PI3K,PTEN,TSG,MUT,Frame_Shift_Ins,p.N184Efs*6
chol_icgc_2017,CCA_TH_98,PI3K,STK11,TSG,MUT,Missense_Mutation,p.P221L
chol_icgc_2017,CCA_TH_98,TP53,TP53,TSG,MUT,Missense_Mutation,p.V274G
chol_icgc_2017,CCA_TH_99,TGF-Beta,SMAD4,TSG,MUT,Frame_Shift_Del,p.P130Hfs*17
chol_icgc_2017,CCA_TH_99,TP53,TP53,TSG,MUT,In_Frame_Del,p.V172_R174delinsG
chol_icgc_2017,CCA_TH_100,PI3K,STK11,TSG,MUT,Splice_Site,p.X288_splice
chol_icgc_2017,CCA_TH_101,PI3K,STK11,TSG,MUT,Splice_Site,p.X97_splice
chol_icgc_2017,CCA_TH_103,TP53,TP53,TSG,MUT,Nonsense_Mutation,p.R213*
chol_icgc_2017,CCA_TH_104,WNT,APC,TSG,MUT,Nonsense_Mutation,p.S1587*
chol_icgc_2017,CCA_TH_104,Hippo,FAT2,TSG,MUT,Missense_Mutation,p.T1357M
chol_icgc_2017,CCA_TH_104,PI3K,STK11,TSG,MUT,Splice_Site,p.X288_splice
chol_icgc_2017,CCA_TH_105,PI3K,AKT1,OG,MUT,Missense_Mutation,p.E17A
chol_icgc_2017,CCA_TH_106,PI3K,PIK3CA,OG,MUT,Missense_Mutation,p.N345K
chol_icgc_2017,CCA_TH_108,TP53,TP53,TSG,MUT,Missense_Mutation,p.C176F
chol_icgc_2017,CCA_TH_109,PI3K,STK11,TSG,MUT,Nonsense_Mutation,p.E256*
chol_icgc_2017,CCA_TH_110,Hippo,FAT3,TSG,MUT,Missense_Mutation,p.P2284H
chol_icgc_2017,CCA_TH_111,TGF-Beta,ACVR1B,TSG,MUT,Frame_Shift_Del,p.V29Sfs*57
chol_icgc_2017,CCA_TH_111,TGF-Beta,ACVR2A,TSG,MUT,Frame_Shift_Del,p.K437Rfs*5
chol_icgc_2017,CCA_TH_111,Hippo,FAT3,TSG,MUT,Missense_Mutation,p.T2709A
chol_icgc_2017,CCA_TH_111,Hippo,FAT3,TSG,MUT,Missense_Mutation,p.A100T
chol_icgc_2017,CCA_TH_111,Hippo,HMCN1,TSG,MUT,Missense_Mutation,p.R2864C
chol_icgc_2017,CCA_TH_111,Hippo,HMCN1,TSG,MUT,Missense_Mutation,p.S243N
chol_icgc_2017,CCA_TH_111,RTK-RAS,NF1,TSG,MUT,Frame_Shift_Del,p.Y2285Tfs*5
chol_icgc_2017,CCA_TH_111,NOTCH,NOTCH1,TSG,MUT,Missense_Mutation,p.A1610T
chol_icgc_2017,CCA_TH_111,PI3K,PIK3CA,OG,MUT,Missense_Mutation,p.D787Y
chol_icgc_2017,CCA_TH_111,Hippo,STK4,TSG,MUT,Missense_Mutation,p.V258A
chol_icgc_2017,CCA_TH_112,Hippo,FAT2,TSG,MUT,Missense_Mutation,p.H3763Y
chol_icgc_2017,CCA_TH_112,TP53,TP53,TSG,MUT,Missense_Mutation,p.R273H
chol_icgc_2017,CCA_TH_114,Cell_Cycle,CDKN1B,TSG,MUT,Missense_Mutation,p.G72D
chol_icgc_2017,CCA_TH_115,RTK-RAS,BRAF,OG,MUT,Missense_Mutation,p.G469A
chol_icgc_2017,CCA_TH_115,NOTCH,NOTCH4,TSG,MUT,Missense_Mutation,p.V681M
chol_icgc_2017,CCA_TH_115,TP53,TP53,TSG,MUT,Nonsense_Mutation,p.E343*
chol_icgc_2017,CCA_TH_116,RTK-RAS,ERBB2,OG,MUT,Missense_Mutation,p.S310F
chol_icgc_2017,CCA_TH_116,NOTCH,NCOR1,TSG,MUT,Nonsense_Mutation,p.Q120*
chol_icgc_2017,CCA_TH_116,Cell_Cycle,RB1,TSG,MUT,Splice_Site,p.X203_splice
chol_icgc_2017,CCA_TH_116,Cell_Cycle,RB1,TSG,MUT,Missense_Mutation,p.Q685P
chol_icgc_2017,CCA_TH_117,TP53,ATM,TSG,MUT,Nonsense_Mutation,p.R1466*
chol_icgc_2017,CCA_TH_117,RTK-RAS,RASA1,TSG,MUT,Frame_Shift_Del,p.G89Rfs*22
chol_icgc_2017,CCA_TH_118,TGF-Beta,ACVR2A,TSG,MUT,Missense_Mutation,p.K346T
chol_icgc_2017,CCA_TH_118,RTK-RAS,ALK,OG,MUT,Missense_Mutation,p.S1324Y
chol_icgc_2017,CCA_TH_118,RTK-RAS,ALK,OG,MUT,Missense_Mutation,p.F1480L
chol_icgc_2017,CCA_TH_118,WNT,APC,TSG,MUT,Missense_Mutation,p.S1656Y
chol_icgc_2017,CCA_TH_118,WNT,APC,TSG,MUT,Missense_Mutation,p.S2497L
chol_icgc_2017,CCA_TH_118,WNT,APC,TSG,MUT,Missense_Mutation,p.F2462C
chol_icgc_2017,CCA_TH_118,WNT,APC,TSG,MUT,Missense_Mutation,p.T2760A
chol_icgc_2017,CCA_TH_118,WNT,APC,TSG,MUT,Nonsense_Mutation,p.R2237*
chol_icgc_2017,CCA_TH_118,WNT,APC,TSG,MUT,Nonsense_Mutation,p.R2204*
chol_icgc_2017,CCA_TH_118,TP53,ATM,TSG,MUT,Missense_Mutation,p.E1195D
chol_icgc_2017,CCA_TH_118,TP53,ATM,TSG,MUT,Missense_Mutation,p.E2039K
chol_icgc_2017,CCA_TH_118,TP53,ATM,TSG,MUT,Missense_Mutation,p.L1408I
chol_icgc_2017,CCA_TH_118,TP53,ATM,TSG,MUT,Missense_Mutation,p.R2459C
chol_icgc_2017,CCA_TH_118,TP53,ATM,TSG,MUT,Nonsense_Mutation,p.R1618*
chol_icgc_2017,CCA_TH_118,TP53,ATM,TSG,MUT,Nonsense_Mutation,p.R250*
chol_icgc_2017,CCA_TH_118,RTK-RAS,BRAF,OG,MUT,Missense_Mutation,p.Q356K
chol_icgc_2017,CCA_TH_118,Cell_Cycle,CCNE1,OG,MUT,Missense_Mutation,p.S195Y
chol_icgc_2017,CCA_TH_118,Cell_Cycle,CDK6,OG,MUT,Missense_Mutation,p.R220C
chol_icgc_2017,CCA_TH_118,NOTCH,CREBBP,TSG,MUT,Missense_Mutation,p.R1498Q
chol_icgc_2017,CCA_TH_118,NOTCH,CREBBP,TSG,MUT,Missense_Mutation,p.E1054D
chol_icgc_2017,CCA_TH_118,WNT,CTNNB1,OG,MUT,Missense_Mutation,p.R542C
chol_icgc_2017,CCA_TH_118,WNT,CTNNB1,OG,MUT,Missense_Mutation,p.R151H
chol_icgc_2017,CCA_TH_118,RTK-RAS,ERBB4,OG,MUT,Missense_Mutation,p.S522L
chol_icgc_2017,CCA_TH_118,RTK-RAS,ERBB4,OG,MUT,Missense_Mutation,p.E835D
chol_icgc_2017,CCA_TH_118,RTK-RAS,ERBB4,OG,MUT,Missense_Mutation,p.S79Y
chol_icgc_2017,CCA_TH_118,Hippo,FAT2,TSG,MUT,Missense_Mutation,p.R543C
chol_icgc_2017,CCA_TH_118,Hippo,FAT2,TSG,MUT,Missense_Mutation,p.S1414L
chol_icgc_2017,CCA_TH_118,Hippo,FAT2,TSG,MUT,Missense_Mutation,p.S701Y
chol_icgc_2017,CCA_TH_118,Hippo,FAT2,TSG,MUT,Missense_Mutation,p.H614P
chol_icgc_2017,CCA_TH_118,Hippo,FAT2,TSG,MUT,Missense_Mutation,p.Y2115C
chol_icgc_2017,CCA_TH_118,Hippo,FAT3,TSG,MUT,Missense_Mutation,p.I2398M
chol_icgc_2017,CCA_TH_118,Hippo,FAT3,TSG,MUT,Missense_Mutation,p.F1304L
chol_icgc_2017,CCA_TH_118,Hippo,FAT3,TSG,MUT,Missense_Mutation,p.F1460L
chol_icgc_2017,CCA_TH_118,Hippo,FAT3,TSG,MUT,Missense_Mutation,p.R12L
chol_icgc_2017,CCA_TH_118,Hippo,FAT3,TSG,MUT,Missense_Mutation,p.F2891L
chol_icgc_2017,CCA_TH_118,Hippo,FAT3,TSG,MUT,Missense_Mutation,p.S666Y
chol_icgc_2017,CCA_TH_118,Hippo,FAT3,TSG,MUT,Missense_Mutation,p.A2407V
chol_icgc_2017,CCA_TH_118,Hippo,FAT3,TSG,MUT,Missense_Mutation,p.R972H
chol_icgc_2017,CCA_TH_118,Hippo,FAT3,TSG,MUT,Missense_Mutation,p.I3558S
chol_icgc_2017,CCA_TH_118,Hippo,FAT3,TSG,MUT,Missense_Mutation,p.S2081Y
chol_icgc_2017,CCA_TH_118,Hippo,FAT3,TSG,MUT,Nonsense_Mutation,p.E3075*
chol_icgc_2017,CCA_TH_118,Hippo,FAT3,TSG,MUT,Nonsense_Mutation,p.R1799*
chol_icgc_2017,CCA_TH_118,NOTCH,FBXW7,TSG,MUT,Missense_Mutation,p.R224Q
chol_icgc_2017,CCA_TH_118,NOTCH,FBXW7,TSG,MUT,Missense_Mutation,p.R658Q
chol_icgc_2017,CCA_TH_118,Hippo,HMCN1,TSG,MUT,Missense_Mutation,p.F1381L
chol_icgc_2017,CCA_TH_118,Hippo,HMCN1,TSG,MUT,Missense_Mutation,p.R3667Q
chol_icgc_2017,CCA_TH_118,Hippo,HMCN1,TSG,MUT,Missense_Mutation,p.K3378N
chol_icgc_2017,CCA_TH_118,Hippo,HMCN1,TSG,MUT,Missense_Mutation,p.R1607Q
chol_icgc_2017,CCA_TH_118,Hippo,HMCN1,TSG,MUT,Missense_Mutation,p.F5580C
chol_icgc_2017,CCA_TH_118,Hippo,HMCN1,TSG,MUT,Missense_Mutation,p.L4208I
chol_icgc_2017,CCA_TH_118,Hippo,HMCN1,TSG,MUT,Missense_Mutation,p.E3444D
chol_icgc_2017,CCA_TH_118,Hippo,HMCN1,TSG,MUT,Missense_Mutation,p.S1528Y
chol_icgc_2017,CCA_TH_118,Hippo,HMCN1,TSG,MUT,Missense_Mutation,p.G1456D
chol_icgc_2017,CCA_TH_118,Hippo,HMCN1,TSG,MUT,Missense_Mutation,p.A39T
chol_icgc_2017,CCA_TH_118,Hippo,HMCN1,TSG,MUT,Missense_Mutation,p.R3793H
chol_icgc_2017,CCA_TH_118,Hippo,HMCN1,TSG,MUT,Missense_Mutation,p.D1235Y
chol_icgc_2017,CCA_TH_118,Hippo,HMCN1,TSG,MUT,Missense_Mutation,p.D585N
chol_icgc_2017,CCA_TH_118,Hippo,HMCN1,TSG,MUT,Missense_Mutation,p.I2S
chol_icgc_2017,CCA_TH_118,Hippo,HMCN1,TSG,MUT,Missense_Mutation,p.G3301S
chol_icgc_2017,CCA_TH_118,RTK-RAS,KRAS,OG,MUT,Missense_Mutation,p.Q61H
chol_icgc_2017,CCA_TH_118,RTK-RAS,MET,OG,MUT,Missense_Mutation,p.L707I
chol_icgc_2017,CCA_TH_118,RTK-RAS,MET,OG,MUT,Missense_Mutation,p.A1251V
chol_icgc_2017,CCA_TH_118,NOTCH,NCOR1,TSG,MUT,Missense_Mutation,p.E1193K
chol_icgc_2017,CCA_TH_118,NOTCH,NCOR1,TSG,MUT,Missense_Mutation,p.A139T
chol_icgc_2017,CCA_TH_118,NOTCH,NCOR1,TSG,MUT,Missense_Mutation,p.R2018Q
chol_icgc_2017,CCA_TH_118,NOTCH,NOTCH1,TSG,MUT,Missense_Mutation,p.D2108N
chol_icgc_2017,CCA_TH_118,NOTCH,NOTCH2,TSG,MUT,Missense_Mutation,p.P2117L
chol_icgc_2017,CCA_TH_118,NOTCH,NOTCH2,TSG,MUT,Missense_Mutation,p.R1889Q
chol_icgc_2017,CCA_TH_118,NOTCH,NOTCH4,TSG,MUT,Missense_Mutation,p.T705A
chol_icgc_2017,CCA_TH_118,NOTCH,NOTCH4,TSG,MUT,Missense_Mutation,p.P938S
chol_icgc_2017,CCA_TH_118,PI3K,PIK3CA,OG,MUT,Missense_Mutation,p.S199Y
chol_icgc_2017,CCA_TH_118,PI3K,PIK3CA,OG,MUT,Missense_Mutation,p.R88Q
chol_icgc_2017,CCA_TH_118,PI3K,PIK3CA,OG,MUT,Missense_Mutation,p.L1001I
chol_icgc_2017,CCA_TH_118,PI3K,PIK3R1,TSG,MUT,Nonsense_Mutation,p.R348*
chol_icgc_2017,CCA_TH_118,PI3K,PTEN,TSG,MUT,Missense_Mutation,p.D24Y
chol_icgc_2017,CCA_TH_118,PI3K,PTEN,TSG,MUT,Missense_Mutation,p.N69S
chol_icgc_2017,CCA_TH_118,PI3K,PTEN,TSG,MUT,Missense_Mutation,p.R173H
chol_icgc_2017,CCA_TH_118,PI3K,PTEN,TSG,MUT,Nonsense_Mutation,p.E299*
chol_icgc_2017,CCA_TH_118,RTK-RAS,RASA1,TSG,MUT,Missense_Mutation,p.T929P
chol_icgc_2017,CCA_TH_118,RTK-RAS,RASGRF2,Unknown,MUT,Missense_Mutation,p.I182S
chol_icgc_2017,CCA_TH_118,RTK-RAS,RASGRF2,Unknown,MUT,Missense_Mutation,p.H501Q
chol_icgc_2017,CCA_TH_118,Cell_Cycle,RB1,TSG,MUT,Missense_Mutation,p.K720T
chol_icgc_2017,CCA_TH_118,Cell_Cycle,RB1,TSG,MUT,Missense_Mutation,p.R251Q
chol_icgc_2017,CCA_TH_118,Cell_Cycle,RB1,TSG,MUT,Nonsense_Mutation,p.E413*
chol_icgc_2017,CCA_TH_118,WNT,RNF43,TSG,MUT,Nonsense_Mutation,p.R337*
chol_icgc_2017,CCA_TH_118,RTK-RAS,ROS1,OG,MUT,Missense_Mutation,p.K2267N
chol_icgc_2017,CCA_TH_118,RTK-RAS,ROS1,OG,MUT,Missense_Mutation,p.R2184I
chol_icgc_2017,CCA_TH_118,RTK-RAS,ROS1,OG,MUT,Missense_Mutation,p.G1586E
chol_icgc_2017,CCA_TH_118,RTK-RAS,ROS1,OG,MUT,Missense_Mutation,p.V946A
chol_icgc_2017,CCA_TH_118,RTK-RAS,ROS1,OG,MUT,Missense_Mutation,p.Q606H
chol_icgc_2017,CCA_TH_118,NOTCH,THBS2,Unknown,MUT,Missense_Mutation,p.F581L
chol_icgc_2017,CCA_TH_118,WNT,TLE4,TSG,MUT,Nonsense_Mutation,p.R267*
chol_icgc_2017,CCA_TH_118,TP53,TP53,TSG,MUT,Missense_Mutation,p.F134C
chol_icgc_2017,CCA_TH_119,WNT,APC,TSG,MUT,Frame_Shift_Del,p.L2507Sfs*9
chol_icgc_2017,CCA_TH_119,RTK-RAS,BRAF,OG,MUT,Missense_Mutation,p.G469A
chol_icgc_2017,CCA_TH_119,RTK-RAS,BRAF,OG,MUT,Missense_Mutation,p.D213N
chol_icgc_2017,CCA_TH_119,Hippo,FAT3,TSG,MUT,Missense_Mutation,p.D150G
chol_icgc_2017,CCA_TH_119,NOTCH,FBXW7,TSG,MUT,Nonsense_Mutation,p.K590*
chol_icgc_2017,CCA_TH_119,RTK-RAS,KRAS,OG,MUT,Missense_Mutation,p.G12S
chol_icgc_2017,CCA_TH_119,NOTCH,NOTCH4,TSG,MUT,Missense_Mutation,p.E1836Q
chol_icgc_2017,CCA_TH_119,WNT,RNF43,TSG,MUT,Splice_Site,p.X318_splice
chol_icgc_2017,CCA_TH_120,RTK-RAS,ROS1,OG,MUT,Missense_Mutation,p.K146E
chol_icgc_2017,CCA_TH_120,NOTCH,THBS2,Unknown,MUT,Missense_Mutation,p.T243M
chol_icgc_2017,CCA_TH_120,TP53,TP53,TSG,MUT,Nonsense_Mutation,p.R196*
chol_icgc_2017,CCA_TH_121,RTK-RAS,KRAS,OG,MUT,Missense_Mutation,p.G12C
chol_icgc_2017,CCA_TH_121,PI3K,PIK3CA,OG,MUT,Missense_Mutation,p.H1047L
chol_icgc_2017,CCA_TH_121,WNT,RNF43,TSG,MUT,In_Frame_Del,p.T64del
chol_icgc_2017,CCA_TH_122,RTK-RAS,ERBB4,OG,MUT,Missense_Mutation,p.Y950H
chol_icgc_2017,CCA_TH_122,RTK-RAS,KRAS,OG,MUT,Missense_Mutation,p.G12V
chol_icgc_2017,CCA_TH_122,RTK-RAS,MET,OG,MUT,Missense_Mutation,p.L14H
chol_icgc_2017,CCA_TH_122,TP53,TP53,TSG,MUT,Nonsense_Mutation,p.Y163*
chol_icgc_2017,CCA_TH_124,Hippo,HMCN1,TSG,MUT,Missense_Mutation,p.P4616Q
chol_icgc_2017,CCA_TH_125,TGF-Beta,ACVR1B,TSG,MUT,Missense_Mutation,p.T202I
chol_icgc_2017,CCA_TH_125,Hippo,FAT3,TSG,MUT,Missense_Mutation,p.R3941H
chol_icgc_2017,CCA_TH_125,RTK-RAS,KRAS,OG,MUT,Missense_Mutation,p.G13D
chol_icgc_2017,CCA_TH_126,NOTCH,NCOR1,TSG,MUT,Splice_Site,p.X245_splice
chol_icgc_2017,CCA_TH_126,TGF-Beta,SMAD4,TSG,MUT,Frame_Shift_Del,p.Y430Tfs*6
chol_icgc_2017,CCA_TH_126,TP53,TP53,TSG,MUT,Missense_Mutation,p.R273C
chol_icgc_2017,CCA_TH_127,Cell_Cycle,CDKN2A,TSG,MUT,Nonsense_Mutation,p.R80*
chol_icgc_2017,CCA_TH_127,RTK-RAS,RET,OG,MUT,Missense_Mutation,p.R833H
chol_icgc_2017,CCA_TH_128,Hippo,FAT3,TSG,MUT,Splice_Site,p.X4092_splice
chol_icgc_2017,CCA_TH_128,NOTCH,NOTCH4,TSG,MUT,Missense_Mutation,p.G403A
chol_icgc_2017,CCA_TH_128,PI3K,PIK3CA,OG,MUT,Missense_Mutation,p.G967E
chol_icgc_2017,CCA_TH_129,RTK-RAS,KRAS,OG,MUT,Missense_Mutation,p.G12V
chol_icgc_2017,CCA_TH_129,TP53,TP53,TSG,MUT,Missense_Mutation,p.R273C
chol_jhu_2013,CHOL01,RTK-RAS,NF1,TSG,MUT,Frame_Shift_Del,p.K248Sfs*33
chol_jhu_2013,CHOL01,NOTCH,NOTCH2,TSG,MUT,Nonsense_Mutation,p.E2411*
chol_jhu_2013,CHOL01,RTK-RAS,NRAS,OG,MUT,Missense_Mutation,p.G13R
chol_jhu_2013,CHOL02,Hippo,FAT1,TSG,MUT,Missense_Mutation,p.I1655V
chol_jhu_2013,CHOL02,Hippo,FAT4,TSG,MUT,Missense_Mutation,p.S2136L
chol_jhu_2013,CHOL02,Hippo,LLGL2,TSG,MUT,Missense_Mutation,p.R331L
chol_jhu_2013,CHOL02,WNT,WNT8B,OG,MUT,Missense_Mutation,p.A228E
chol_jhu_2013,CHOL04,Cell_Cycle,CDKN2A,TSG,MUT,Splice_Site,p.X51_splice
chol_jhu_2013,CHOL06,TP53,ATM,TSG,MUT,Missense_Mutation,p.F213L
chol_jhu_2013,CHOL06,Hippo,FAT1,TSG,MUT,Missense_Mutation,p.D977G
chol_jhu_2013,CHOL06,Hippo,FAT4,TSG,MUT,Missense_Mutation,p.A673V
chol_jhu_2013,CHOL06,Hippo,HMCN1,TSG,MUT,Missense_Mutation,p.I1976V
chol_jhu_2013,CHOL06,WNT,SFRP5,TSG,MUT,Missense_Mutation,p.G192D
chol_jhu_2013,CHOL06,WNT,WNT10B,OG,MUT,Missense_Mutation,p.G139D
chol_jhu_2013,CHOL07,RTK-RAS,FGFR2,OG,MUT,Missense_Mutation,p.F276C
chol_jhu_2013,CHOL07,Hippo,HMCN1,TSG,MUT,Missense_Mutation,p.L748V
chol_jhu_2013,CHOL08,TP53,TP53,TSG,MUT,Nonsense_Mutation,p.L206*
chol_jhu_2013,CHOL09,NOTCH,CREBBP,TSG,MUT,Frame_Shift_Del,p.L833Qfs*136
chol_jhu_2013,CHOL09,RTK-RAS,FGFR2,OG,MUT,Missense_Mutation,p.Y375C
chol_jhu_2013,CHOL12,TP53,ATM,TSG,MUT,Missense_Mutation,p.P2842L
chol_jhu_2013,CHOL12,Hippo,CRB1,TSG,MUT,Nonsense_Mutation,p.E1036*
chol_jhu_2013,CHOL12,NOTCH,CTBP2,Unknown,MUT,Missense_Mutation,p.G199W
chol_jhu_2013,CHOL12,Hippo,DCHS1,TSG,MUT,Missense_Mutation,p.D1644Y
chol_jhu_2013,CHOL12,NOTCH,DLL1,Unknown,MUT,Missense_Mutation,p.K296R
chol_jhu_2013,CHOL12,Hippo,FAT1,TSG,MUT,Missense_Mutation,p.K2617I
chol_jhu_2013,CHOL12,Hippo,FAT4,TSG,MUT,Missense_Mutation,p.D137N
chol_jhu_2013,CHOL12,RTK-RAS,RASAL3,Unknown,MUT,Missense_Mutation,p.P119H
chol_jhu_2013,CHOL12,RTK-RAS,SHC4,Unknown,MUT,Missense_Mutation,p.C322S
chol_jhu_2013,CHOL12,PI3K,STK11,TSG,MUT,Frame_Shift_Del,p.K44Sfs*7
chol_jhu_2013,CHOL12,TP53,TP53,TSG,MUT,Missense_Mutation,p.E285V
chol_jhu_2013,CHOL13,NOTCH,DTX3L,Unknown,MUT,Missense_Mutation,p.I181T
chol_jhu_2013,CHOL13,RTK-RAS,KRAS,OG,MUT,Missense_Mutation,p.G12D
chol_jhu_2013,CHOL13,PI3K,STK11,TSG,MUT,Missense_Mutation,p.I303S
chol_jhu_2013,CHOL14,PI3K,PTEN,TSG,MUT,Frame_Shift_Del,p.N329Ifs*15
chol_jhu_2013,CHOL14,Hippo,WWTR1,OG,MUT,Missense_Mutation,p.N351S
chol_jhu_2013,CHOL18,Hippo,SAV1,TSG,MUT,Missense_Mutation,p.R47Q
chol_jhu_2013,CHOL19,WNT,DVL3,OG,MUT,Missense_Mutation,p.K225Q
chol_jhu_2013,CHOL19,PI3K,PTEN,TSG,MUT,Nonsense_Mutation,p.R130*
chol_jhu_2013,CHOL24,PI3K,PIK3CA,OG,MUT,Missense_Mutation,p.H1047L
chol_jhu_2013,CHOL24,WNT,TLE1,TSG,MUT,Frame_Shift_Del,p.S744*
chol_jhu_2013,CHOL28,RTK-RAS,FGFR2,OG,MUT,In_Frame_Del,p.H624del
chol_jhu_2013,CHOL35,RTK-RAS,ARAF,OG,MUT,Missense_Mutation,p.S214A
chol_jhu_2013,CHOL42,RTK-RAS,FGFR2,OG,MUT,Missense_Mutation,p.C382R
chol_jhu_2013,CHOL42,PI3K,PIK3CA,OG,MUT,Missense_Mutation,p.K111E
chol_jhu_2013,CHOL44,WNT,DVL2,OG,MUT,Missense_Mutation,p.F453L
chol_jhu_2013,CHOL44,Hippo,SAV1,TSG,MUT,Frame_Shift_Del,p.N221Tfs*33
chol_jhu_2013,CHOL44,TGF-Beta,TGFBR2,TSG,MUT,Frame_Shift_Del,p.K153Sfs*35
chol_jhu_2013,CHOL49,WNT,FZD10,OG,MUT,Missense_Mutation,p.A177T
chol_jhu_2013,CHOL52,Hippo,WWC1,TSG,MUT,Missense_Mutation,p.S987F
chol_jhu_2013,CHOL53,Hippo,YAP1,OG,MUT,Missense_Mutation,p.T376A
chol_jhu_2013,GB02,PI3K,PIK3CA,OG,MUT,Missense_Mutation,p.C901F
chol_jhu_2013,GB02,TGF-Beta,SMAD4,TSG,MUT,Frame_Shift_Del,p.E520Kfs*17
chol_jhu_2013,GB02,NOTCH,SPEN,TSG,MUT,Missense_Mutation,p.S2835C
chol_jhu_2013,GB07,NOTCH,CREBBP,TSG,MUT,Missense_Mutation,p.G1069R
chol_jhu_2013,GB07,MYC,MLXIP,OG,MUT,Missense_Mutation,p.Q721H
chol_jhu_2013,GB07,NOTCH,NCSTN,Unknown,MUT,Missense_Mutation,p.A28G
chol_jhu_2013,GB07,NOTCH,NOTCH2,TSG,MUT,Missense_Mutation,p.D577N
chol_jhu_2013,GB07,WNT,PORCN,OG,MUT,Missense_Mutation,p.T265M
chol_jhu_2013,GB07,Hippo,TEAD2,OG,MUT,Missense_Mutation,p.H392Y
chol_jhu_2013,GB07,TP53,TP53,TSG,MUT,Missense_Mutation,p.R175H
chol_jhu_2013,GB10,NOTCH,CNTN6,TSG,MUT,Frame_Shift_Del,p.K418Sfs*63
chol_jhu_2013,GB10,WNT,TCF7L1,TSG,MUT,Missense_Mutation,p.Q76H
chol_jhu_2013,GB10,TP53,TP53,TSG,MUT,Frame_Shift_Del,p.S95Ffs*53
chol_jhu_2013,GB11,TP53,TP53,TSG,MUT,Missense_Mutation,p.R175L
chol_jhu_2013,GB16,RTK-RAS,IRS2,OG,MUT,Missense_Mutation,p.G831V
chol_jhu_2013,GB18,RTK-RAS,RASA1,TSG,MUT,Splice_Site,p.X897_splice
chol_jhu_2013,GB18,TP53,TP53,TSG,MUT,Missense_Mutation,p.C275F
chol_jhu_2013,GB19,TP53,TP53,TSG,MUT,Nonsense_Mutation,p.Q331*
chol_jhu_2013,GB23,Hippo,FAT3,TSG,MUT,Missense_Mutation,p.R4396C
chol_jhu_2013,GB23,NOTCH,FBXW7,TSG,MUT,Missense_Mutation,p.R465C
chol_jhu_2013,GB23,TP53,TP53,TSG,MUT,Nonsense_Mutation,p.R213*
chol_jhu_2013,GB23,WNT,ZNRF3,TSG,MUT,Missense_Mutation,p.H533N
chol_nccs_2013,1202,RTK-RAS,KRAS,OG,MUT,Missense_Mutation,p.G12D
chol_nccs_2013,1202,TP53,TP53,TSG,MUT,Missense_Mutation,p.V272L
chol_nccs_2013,2000123,TGF-Beta,ACVR2A,TSG,MUT,Frame_Shift_Ins,p.R438Efs*19
chol_nccs_2013,2000123,Hippo,HMCN1,TSG,MUT,Missense_Mutation,p.Q692E
chol_nccs_2013,2000123,Cell_Cycle,RB1,TSG,MUT,Nonsense_Mutation,p.R552*
chol_nccs_2013,2000123,TP53,TP53,TSG,MUT,Missense_Mutation,p.R158H
chol_nccs_2013,3001,TGF-Beta,TGFBR1,TSG,MUT,Missense_Mutation,p.V65G
chol_nccs_2013,715,RTK-RAS,MAP2K1,OG,MUT,Missense_Mutation,p.H119Q
chol_nccs_2013,72600277,Hippo,HMCN1,TSG,MUT,Missense_Mutation,p.V1091A
chol_nccs_2013,77071507,WNT,FZD2,OG,MUT,Missense_Mutation,p.G532V
chol_nccs_2013,824,NOTCH,CNTN6,TSG,MUT,Missense_Mutation,p.V245I
chol_nccs_2013,824,NOTCH,FBXW7,TSG,MUT,Missense_Mutation,p.R465C
chol_nccs_2013,824,RTK-RAS,FNTB,Unknown,MUT,Missense_Mutation,p.R75S
chol_nccs_2013,930,RTK-RAS,KRAS,OG,MUT,Missense_Mutation,p.G12V
chol_nccs_2013,990196,RTK-RAS,KRAS,OG,MUT,Missense_Mutation,p.G12D
chol_nccs_2013,990196,TP53,TP53,TSG,MUT,Frame_Shift_Del,p.P27Lfs*17
chol_nus_2012,U044,RTK-RAS,ARAF,OG,MUT,Missense_Mutation,p.N217I
chol_nus_2012,U044,Cell_Cycle,CDKN2A,TSG,MUT,Missense_Mutation,p.D84N
chol_nus_2012,R104,RTK-RAS,KRAS,OG,MUT,Missense_Mutation,p.G13D
chol_nus_2012,R104,PI3K,PTEN,TSG,MUT,Missense_Mutation,p.Y155C
chol_nus_2012,W012,RTK-RAS,RASAL2,Unknown,MUT,Missense_Mutation,p.T1129M
chol_nus_2012,W039,RTK-RAS,RASGRF2,Unknown,MUT,Splice_Site,p.X132_splice
chol_nus_2012,R104,WNT,RNF43,TSG,MUT,Missense_Mutation,p.C119R
chol_nus_2012,R104,TGF-Beta,SMAD4,TSG,MUT,Splice_Site,p.X482_splice
chol_nus_2012,U044,TGF-Beta,SMAD4,TSG,MUT,Nonsense_Mutation,p.Q183*
chol_nus_2012,T026,TP53,TP53,TSG,MUT,Frame_Shift_Ins,p.V73Rfs*76
chol_nus_2012,U044,TP53,TP53,TSG,MUT,Nonsense_Mutation,p.Q104*
chol_nus_2012,W012,TP53,TP53,TSG,MUT,Missense_Mutation,p.R248W
chol_nus_2012,W040,TP53,TP53,TSG,MUT,Frame_Shift_Ins,p.N239Kfs*25
chol_nus_2012,W012,NOTCH,HDAC2,Unknown,MUT,Missense_Mutation,p.R78Q
chol_nus_2012,B085,NOTCH,JAG1,Unknown,MUT,Missense_Mutation,p.W774R
chol_nus_2012,B085,RTK-RAS,KRAS,OG,MUT,Missense_Mutation,p.A11G
chol_nus_2012,W012,RTK-RAS,KRAS,OG,MUT,Missense_Mutation,p.G13=
chol_nus_2012,U044,WNT,RNF43,TSG,MUT,Missense_Mutation,p.N167K
chol_nus_2012,W012,WNT,RNF43,TSG,MUT,Nonsense_Mutation,p.Q723=
chol_nus_2012,B099,TGF-Beta,SMAD4,TSG,MUT,Missense_Mutation,p.H427=
chol_nus_2012,W012,TGF-Beta,SMAD4,TSG,MUT,Missense_Mutation,p.E134*
chol_nus_2012,W039,NOTCH,THBS2,Unknown,MUT,Missense_Mutation,p.R59H
gbc_shanghai_2014,XHDG03,RTK-RAS,FNTA,Unknown,MUT,Missense_Mutation,p.F136S
gbc_shanghai_2014,XHDG03,RTK-RAS,HRAS,OG,MUT,Missense_Mutation,p.V81M
gbc_shanghai_2014,XHDG03,RTK-RAS,NTRK3,OG,MUT,Missense_Mutation,p.T269M
gbc_shanghai_2014,XHDG04,TP53,MDM4,OG,MUT,Missense_Mutation,p.S20C
gbc_shanghai_2014,XHDG04,NOTCH,CNTN6,TSG,MUT,Missense_Mutation,p.T578I
gbc_shanghai_2014,XHDG04,PI3K,PIK3CA,OG,MUT,Missense_Mutation,p.E545K
gbc_shanghai_2014,XHDG04,NOTCH,THBS2,Unknown,MUT,Missense_Mutation,p.L304F
gbc_shanghai_2014,XHDG04,NOTCH,THBS2,Unknown,MUT,Missense_Mutation,p.F303C
gbc_shanghai_2014,XHDG04,WNT,TCF7L2,TSG,MUT,Missense_Mutation,p.E63K
gbc_shanghai_2014,XHDG04,Hippo,FAT3,TSG,MUT,Missense_Mutation,p.E2774K
gbc_shanghai_2014,XHDG04,MYC,MGA,TSG,MUT,Missense_Mutation,p.Q38E
gbc_shanghai_2014,XHDG04,TP53,TP53,TSG,MUT,Missense_Mutation,p.P250L
gbc_shanghai_2014,XHDG04,NOTCH,NCOR1,TSG,MUT,Nonsense_Mutation,p.Q709*
gbc_shanghai_2014,XHDG04,RTK-RAS,ERBB2,OG,MUT,Missense_Mutation,p.E265K
gbc_shanghai_2014,XHDG06,RTK-RAS,ERBB2,OG,MUT,Missense_Mutation,p.G292R
gbc_shanghai_2014,XHDG08,Hippo,FAT2,TSG,MUT,Missense_Mutation,p.F3123I
gbc_shanghai_2014,XHDG08,Cell_Cycle,RB1,TSG,MUT,Splice_Site,p.X203_splice
gbc_shanghai_2014,XHDG09,WNT,CHD8,Unknown,MUT,Splice_Site,p.X1710_splice
gbc_shanghai_2014,XHDG10,WNT,CHD8,Unknown,MUT,Missense_Mutation,p.H971N
gbc_shanghai_2014,XHDG10,TP53,TP53,TSG,MUT,Missense_Mutation,p.R175H
gbc_shanghai_2014,XHDG10,Cell_Cycle,CCNE1,OG,MUT,Missense_Mutation,p.L259I
gbc_shanghai_2014,XHDG16,TGF-Beta,TGFBR1,TSG,MUT,Missense_Mutation,p.D333V
gbc_shanghai_2014,XHDG17,NOTCH,FBXW7,TSG,MUT,Missense_Mutation,p.H460R
gbc_shanghai_2014,XHDG17,Hippo,TAOK3,TSG,MUT,Missense_Mutation,p.K542N
gbc_shanghai_2014,XHDG17,RTK-RAS,RASGRF1,Unknown,MUT,Missense_Mutation,p.V404I
gbc_shanghai_2014,XHDG18,WNT,CHD8,Unknown,MUT,Missense_Mutation,p.R1288L
gbc_shanghai_2014,XHDG18,TP53,TP53,TSG,MUT,Nonsense_Mutation,p.W53*
gbc_shanghai_2014,XHDG18,NOTCH,ITCH,Unknown,MUT,Missense_Mutation,p.S628A
gbc_shanghai_2014,XHDG20,NOTCH,NOTCH4,TSG,MUT,Missense_Mutation,p.C945R
gbc_shanghai_2014,XHDG20,NOTCH,NCOR1,TSG,MUT,Missense_Mutation,p.R1092Q
gbc_shanghai_2014,XHDG21,WNT,TCF7L2,TSG,MUT,Missense_Mutation,p.L586V
gbc_shanghai_2014,XHDG21,TP53,TP53,TSG,MUT,Nonsense_Mutation,p.W53*
gbc_shanghai_2014,XHDG22,NOTCH,KAT2B,TSG,MUT,Missense_Mutation,p.S434F
gbc_shanghai_2014,XHDG22,RTK-RAS,ROS1,OG,MUT,Missense_Mutation,p.D311H
gbc_shanghai_2014,XHDG22,Hippo,DCHS1,TSG,MUT,Missense_Mutation,p.T1838M
gbc_shanghai_2014,XHDG22,TP53,TP53,TSG,MUT,Missense_Mutation,p.S241C
gbc_shanghai_2014,XHDG25,RTK-RAS,EGFR,OG,MUT,Missense_Mutation,p.G203R
gbc_shanghai_2014,XHDG25,TP53,ATM,TSG,MUT,Missense_Mutation,p.V2256L
gbc_shanghai_2014,XHDG25,WNT,DVL2,OG,MUT,Missense_Mutation,p.T575N
gbc_shanghai_2014,XHDG25,RTK-RAS,ERBB2,OG,MUT,Missense_Mutation,p.V842I
gbc_shanghai_2014,XHDG25,TGF-Beta,SMAD4,TSG,MUT,Missense_Mutation,p.D493N
gbc_shanghai_2014,XHDG27,PI3K,PIK3CA,OG,MUT,Missense_Mutation,p.E545K
gbc_shanghai_2014,XHDG27,Hippo,HMCN1,TSG,MUT,Missense_Mutation,p.L2825F
gbc_shanghai_2014,XHDG27,Hippo,DCHS1,TSG,MUT,Missense_Mutation,p.R2529L
gbc_shanghai_2014,XHDG27,Cell_Cycle,CDK4,OG,MUT,Missense_Mutation,p.S285C
gbc_shanghai_2014,XHDG30,RTK-RAS,ERBB3,OG,MUT,Missense_Mutation,p.V104L
gbc_shanghai_2014,XHDG32,RTK-RAS,SOS2,Unknown,MUT,Missense_Mutation,p.P404L
gbc_shanghai_2014,XHDG32,TP53,TP53,TSG,MUT,Missense_Mutation,p.H179R
gbc_shanghai_2014,XHDG35,MYC,MXD1,Unknown,MUT,Missense_Mutation,p.D112N
gbc_shanghai_2014,XHDG35,RTK-RAS,PDGFRB,OG,MUT,Missense_Mutation,p.A828V
gbc_shanghai_2014,XHDG35,RTK-RAS,ERBB3,OG,MUT,Missense_Mutation,p.V1035D
gbc_shanghai_2014,XHDG35,TP53,TP53,TSG,MUT,Missense_Mutation,p.S241Y
gbc_shanghai_2014,XHDG35,NOTCH,ITCH,Unknown,MUT,Missense_Mutation,p.E44D
gbc_shanghai_2014,XHDG35,WNT,LZTR1,Unknown,MUT,Splice_Site,p.X88_splice
gbc_shanghai_2014,XHDG38,RTK-RAS,ERBB3,OG,MUT,Missense_Mutation,p.V104L
gbc_shanghai_2014,XHDG38,RTK-RAS,MET,OG,MUT,Missense_Mutation,p.E1253K
gbc_shanghai_2014,XHDG38,WNT,FRAT1,OG,MUT,Missense_Mutation,p.G159V
gbc_shanghai_2014,XHDG38,TP53,TP53,TSG,MUT,Nonsense_Mutation,p.W91*
gbc_shanghai_2014,XHDG39,NOTCH,THBS2,Unknown,MUT,Missense_Mutation,p.G997V
gbc_shanghai_2014,XHDG39,Hippo,TEAD4,OG,MUT,Missense_Mutation,p.G72V
gbc_shanghai_2014,XHDG39,WNT,FZD10,OG,MUT,Missense_Mutation,p.R7L
gbc_shanghai_2014,XHDG39,NOTCH,JAG2,TSG,MUT,Missense_Mutation,p.Y799H
ihch_smmu_2014,ihch_smmu_74,RTK-RAS,ABL1,OG,MUT,Missense_Mutation,p.G128V
ihch_smmu_2014,ihch_smmu_129,TGF-Beta,ACVR1B,TSG,MUT,Missense_Mutation,p.I261S
ihch_smmu_2014,ihch_smmu_28,NOTCH,ADAM10,Unknown,MUT,Missense_Mutation,p.R532K
ihch_smmu_2014,ihch_smmu_119,NOTCH,ADAM17,Unknown,MUT,Missense_Mutation,p.L165F
ihch_smmu_2014,ihch_smmu_99,RTK-RAS,ALK,OG,MUT,Missense_Mutation,p.P1570H
ihch_smmu_2014,ihch_smmu_119,RTK-RAS,ALK,OG,MUT,Missense_Mutation,p.N980K
ihch_smmu_2014,ihch_smmu_133,WNT,APC,TSG,MUT,Frame_Shift_Del,p.L1488Yfs*19
ihch_smmu_2014,ihch_smmu_127,NOTCH,APH1A,Unknown,MUT,Frame_Shift_Del,p.A26Gfs*33
ihch_smmu_2014,ihch_smmu_119,RTK-RAS,ARAF,OG,MUT,Missense_Mutation,p.N217Y
ihch_smmu_2014,ihch_smmu_34,TP53,ATM,TSG,MUT,Nonsense_Mutation,p.Q466*
ihch_smmu_2014,ihch_smmu_34,TP53,ATM,TSG,MUT,Missense_Mutation,p.S470L
ihch_smmu_2014,ihch_smmu_137,TP53,ATM,TSG,MUT,Nonsense_Mutation,p.R2598*
ihch_smmu_2014,ihch_smmu_119,WNT,AXIN1,TSG,MUT,Nonsense_Mutation,p.K84*
ihch_smmu_2014,ihch_smmu_81,RTK-RAS,BRAF,OG,MUT,Missense_Mutation,p.G596R
ihch_smmu_2014,ihch_smmu_34,RTK-RAS,BRAF,OG,MUT,Missense_Mutation,p.D594G
ihch_smmu_2014,ihch_smmu_120,RTK-RAS,CBLB,Unknown,MUT,Missense_Mutation,p.S773C
ihch_smmu_2014,ihch_smmu_119,RTK-RAS,CBLC,Unknown,MUT,Missense_Mutation,p.S383C
ihch_smmu_2014,ihch_smmu_131,RTK-RAS,CBLC,Unknown,MUT,Missense_Mutation,p.W396L
ihch_smmu_2014,ihch_smmu_119,Cell_Cycle,CCND3,OG,MUT,Missense_Mutation,p.S259A
ihch_smmu_2014,ihch_smmu_8_4,Cell_Cycle,CDK6,OG,MUT,Missense_Mutation,p.E241K
ihch_smmu_2014,ihch_smmu_71,Cell_Cycle,CDKN1B,TSG,MUT,Nonsense_Mutation,p.K73*
ihch_smmu_2014,ihch_smmu_135,WNT,CHD4,Unknown,MUT,Missense_Mutation,p.Y1322C
ihch_smmu_2014,ihch_smmu_71,WNT,CHD4,Unknown,MUT,Missense_Mutation,p.D581V
ihch_smmu_2014,ihch_smmu_108,WNT,CHD4,Unknown,MUT,Nonsense_Mutation,p.W508*
ihch_smmu_2014,ihch_smmu_99,WNT,CHD4,Unknown,MUT,Missense_Mutation,p.G206C
ihch_smmu_2014,ihch_smmu_34,WNT,CHD8,Unknown,MUT,Missense_Mutation,p.A1132V
ihch_smmu_2014,ihch_smmu_53,WNT,CHD8,Unknown,MUT,Missense_Mutation,p.Q295P
ihch_smmu_2014,ihch_smmu_20,NOTCH,CNTN1,Unknown,MUT,Frame_Shift_Ins,p.D548Efs*23
ihch_smmu_2014,ihch_smmu_119,NOTCH,CNTN6,TSG,MUT,Missense_Mutation,p.W535R
ihch_smmu_2014,ihch_smmu_10,Hippo,CRB1,TSG,MUT,Missense_Mutation,p.V881I
ihch_smmu_2014,ihch_smmu_97,NOTCH,CTBP2,Unknown,MUT,Frame_Shift_Del,p.V4Wfs*23
ihch_smmu_2014,ihch_smmu_108,NOTCH,CTBP2,Unknown,MUT,Frame_Shift_Del,p.V4Wfs*23
ihch_smmu_2014,ihch_smmu_80,RTK-RAS,DAB2IP,Unknown,MUT,Missense_Mutation,p.S609Y
ihch_smmu_2014,ihch_smmu_20,Hippo,DCHS1,TSG,MUT,Missense_Mutation,p.L2313Q
ihch_smmu_2014,ihch_smmu_20,WNT,DKK2,TSG,MUT,Missense_Mutation,p.D143E
ihch_smmu_2014,ihch_smmu_100,NOTCH,DLK1,Unknown,MUT,Missense_Mutation,p.G149V
ihch_smmu_2014,ihch_smmu_90,NOTCH,DTX3,Unknown,MUT,Missense_Mutation,p.A81D
ihch_smmu_2014,ihch_smmu_08,NOTCH,DTX3,Unknown,MUT,Frame_Shift_Del,p.C202Rfs*21
ihch_smmu_2014,ihch_smmu_130,RTK-RAS,EGFR,OG,MUT,Missense_Mutation,p.V524F
ihch_smmu_2014,ihch_smmu_101,RTK-RAS,EGFR,OG,MUT,Missense_Mutation,p.R669Q
ihch_smmu_2014,ihch_smmu_133,RTK-RAS,ERBB3,OG,MUT,Missense_Mutation,p.P221H
ihch_smmu_2014,ihch_smmu_44,RTK-RAS,ERBB3,OG,MUT,Missense_Mutation,p.D297Y
ihch_smmu_2014,ihch_smmu_52,RTK-RAS,ERBB4,OG,MUT,Missense_Mutation,p.S1286P
ihch_smmu_2014,ihch_smmu_64,RTK-RAS,ERBB4,OG,MUT,Missense_Mutation,p.F356L
ihch_smmu_2014,ihch_smmu_119,Hippo,FAT1,TSG,MUT,Missense_Mutation,p.I4397L
ihch_smmu_2014,ihch_smmu_140,Hippo,FAT2,TSG,MUT,Missense_Mutation,p.R3792Q
ihch_smmu_2014,ihch_smmu_129,Hippo,FAT3,TSG,MUT,Missense_Mutation,p.T1477K
ihch_smmu_2014,ihch_smmu_119,Hippo,FAT3,TSG,MUT,Missense_Mutation,p.L2464Q
ihch_smmu_2014,ihch_smmu_51,Hippo,FAT3,TSG,MUT,Nonsense_Mutation,p.K2791*
ihch_smmu_2014,ihch_smmu_53,RTK-RAS,FGFR3,OG,MUT,Missense_Mutation,p.Y375C
ihch_smmu_2014,ihch_smmu_8_4,WNT,FZD2,OG,MUT,Missense_Mutation,p.G427C
ihch_smmu_2014,ihch_smmu_44,WNT,FZD3,OG,MUT,Missense_Mutation,p.L33F
ihch_smmu_2014,ihch_smmu_145,WNT,FZD10,OG,MUT,Missense_Mutation,p.S323C
ihch_smmu_2014,ihch_smmu_26,NOTCH,HEY1,TSG,MUT,Nonsense_Mutation,p.Y8*
ihch_smmu_2014,ihch_smmu_34,NOTCH,HEY2,TSG,MUT,Missense_Mutation,p.V246I
ihch_smmu_2014,ihch_smmu_99,NOTCH,HEYL,TSG,MUT,Missense_Mutation,p.R58C
ihch_smmu_2014,ihch_smmu_129,Hippo,HMCN1,TSG,MUT,Missense_Mutation,p.D649E
ihch_smmu_2014,ihch_smmu_119,Hippo,HMCN1,TSG,MUT,Missense_Mutation,p.V1279E
ihch_smmu_2014,ihch_smmu_145,Hippo,HMCN1,TSG,MUT,Missense_Mutation,p.K1442M
ihch_smmu_2014,ihch_smmu_51,Hippo,HMCN1,TSG,MUT,Missense_Mutation,p.C1991F
ihch_smmu_2014,ihch_smmu_128,Hippo,HMCN1,TSG,MUT,Missense_Mutation,p.A2040S
ihch_smmu_2014,ihch_smmu_109,Hippo,HMCN1,TSG,MUT,Missense_Mutation,p.I2529V
ihch_smmu_2014,ihch_smmu_26,Hippo,HMCN1,TSG,MUT,Missense_Mutation,p.Q2769H
ihch_smmu_2014,ihch_smmu_17,Hippo,HMCN1,TSG,MUT,Nonsense_Mutation,p.R3795*
ihch_smmu_2014,ihch_smmu_80,Hippo,HMCN1,TSG,MUT,Missense_Mutation,p.S4517T
ihch_smmu_2014,ihch_smmu_119,RTK-RAS,IGF1R,OG,MUT,Missense_Mutation,p.E1050D
ihch_smmu_2014,ihch_smmu_140,RTK-RAS,INSRR,Unknown,MUT,Missense_Mutation,p.V1201L
ihch_smmu_2014,ihch_smmu_108,RTK-RAS,IRS2,OG,MUT,Missense_Mutation,p.A94G
ihch_smmu_2014,ihch_smmu_119,NOTCH,ITCH,Unknown,MUT,Splice_Site,p.X648_splice
ihch_smmu_2014,ihch_smmu_8_4,NOTCH,JAG1,Unknown,MUT,Missense_Mutation,p.N1187H
ihch_smmu_2014,ihch_smmu_119,NOTCH,KDM5A,OG,MUT,Missense_Mutation,p.L1309F
ihch_smmu_2014,ihch_smmu_95,RTK-RAS,KIT,OG,MUT,Missense_Mutation,p.C660G
ihch_smmu_2014,ihch_smmu_29,RTK-RAS,KRAS,OG,MUT,Missense_Mutation,p.G12V
ihch_smmu_2014,ihch_smmu_33,RTK-RAS,KRAS,OG,MUT,Missense_Mutation,p.G12V
ihch_smmu_2014,ihch_smmu_107,RTK-RAS,KRAS,OG,MUT,Missense_Mutation,p.G12V
ihch_smmu_2014,ihch_smmu_108,RTK-RAS,KRAS,OG,MUT,Missense_Mutation,p.G12V
ihch_smmu_2014,ihch_smmu_137,RTK-RAS,KRAS,OG,MUT,Missense_Mutation,p.G12V
ihch_smmu_2014,ihch_smmu_144,RTK-RAS,KRAS,OG,MUT,Missense_Mutation,p.G12V
ihch_smmu_2014,ihch_smmu_66,RTK-RAS,KRAS,OG,MUT,Missense_Mutation,p.G12A
ihch_smmu_2014,ihch_smmu_134,RTK-RAS,KRAS,OG,MUT,Missense_Mutation,p.G12A
ihch_smmu_2014,ihch_smmu_03,RTK-RAS,KRAS,OG,MUT,Missense_Mutation,p.G12D
ihch_smmu_2014,ihch_smmu_07,RTK-RAS,KRAS,OG,MUT,Missense_Mutation,p.G12D
ihch_smmu_2014,ihch_smmu_17,RTK-RAS,KRAS,OG,MUT,Missense_Mutation,p.G12D
ihch_smmu_2014,ihch_smmu_46,RTK-RAS,KRAS,OG,MUT,Missense_Mutation,p.G12D
ihch_smmu_2014,ihch_smmu_59,RTK-RAS,KRAS,OG,MUT,Missense_Mutation,p.G12D
ihch_smmu_2014,ihch_smmu_111,RTK-RAS,KRAS,OG,MUT,Missense_Mutation,p.G12D
ihch_smmu_2014,ihch_smmu_129,RTK-RAS,KRAS,OG,MUT,Missense_Mutation,p.G12D
ihch_smmu_2014,ihch_smmu_120,RTK-RAS,KRAS,OG,MUT,Missense_Mutation,p.G12C
ihch_smmu_2014,ihch_smmu_133,RTK-RAS,KRAS,OG,MUT,Missense_Mutation,p.G12C
ihch_smmu_2014,ihch_smmu_90,Hippo,LATS1,TSG,MUT,Missense_Mutation,p.S876R
ihch_smmu_2014,ihch_smmu_132,Hippo,LATS1,TSG,MUT,Nonsense_Mutation,p.Q317*
ihch_smmu_2014,ihch_smmu_95,Hippo,LATS2,TSG,MUT,Missense_Mutation,p.H712L
ihch_smmu_2014,ihch_smmu_131,Hippo,LATS2,TSG,MUT,Missense_Mutation,p.Q530L
ihch_smmu_2014,ihch_smmu_41,Hippo,LATS2,TSG,MUT,Missense_Mutation,p.A287S
ihch_smmu_2014,ihch_smmu_8_1,WNT,LZTR1,Unknown,MUT,Splice_Site,p.X87_splice
ihch_smmu_2014,ihch_smmu_16,NOTCH,MAML2,Unknown,MUT,Missense_Mutation,p.S1006N
ihch_smmu_2014,ihch_smmu_08,NOTCH,MAML3,TSG,MUT,In_Frame_Del,p.Q772del
ihch_smmu_2014,ihch_smmu_51,NOTCH,MAML3,TSG,MUT,In_Frame_Del,p.Q772del
ihch_smmu_2014,ihch_smmu_123,NOTCH,MAML3,TSG,MUT,In_Frame_Del,p.Q772del
ihch_smmu_2014,ihch_smmu_41,RTK-RAS,MAP2K1,OG,MUT,Missense_Mutation,p.Q56P
ihch_smmu_2014,ihch_smmu_64,RTK-RAS,MET,OG,MUT,Missense_Mutation,p.M1247L
ihch_smmu_2014,ihch_smmu_26,MYC,MGA,TSG,MUT,Missense_Mutation,p.R140H
ihch_smmu_2014,ihch_smmu_13,MYC,MLXIP,OG,MUT,Missense_Mutation,p.K179R
ihch_smmu_2014,ihch_smmu_8_6,Hippo,MOB1A,TSG,MUT,Missense_Mutation,p.Y117D
ihch_smmu_2014,ihch_smmu_119,RTK-RAS,MRAS,Unknown,MUT,Missense_Mutation,p.H201L
ihch_smmu_2014,ihch_smmu_20,PI3K,MTOR,OG,MUT,Missense_Mutation,p.V322L
ihch_smmu_2014,ihch_smmu_131,MYC,MXD4,Unknown,MUT,Missense_Mutation,p.Q108L
ihch_smmu_2014,ihch_smmu_94,MYC,MYC,OG,MUT,Missense_Mutation,p.V340L
ihch_smmu_2014,ihch_smmu_119,NOTCH,NCOR2,TSG,MUT,Nonsense_Mutation,p.K1113*
ihch_smmu_2014,ihch_smmu_58,NOTCH,NCOR2,TSG,MUT,Splice_Site,p.X1081_splice
ihch_smmu_2014,ihch_smmu_101,NOTCH,NCOR2,TSG,MUT,In_Frame_Ins,p.Q510dup
ihch_smmu_2014,ihch_smmu_127,NOTCH,NCOR2,TSG,MUT,In_Frame_Ins,p.Q510dup
ihch_smmu_2014,ihch_smmu_123,NOTCH,NCSTN,Unknown,MUT,Missense_Mutation,p.A625S
ihch_smmu_2014,ihch_smmu_123,RTK-RAS,NF1,TSG,MUT,In_Frame_Del,p.K40_I44del
ihch_smmu_2014,ihch_smmu_143,RTK-RAS,NF1,TSG,MUT,Nonsense_Mutation,p.W784*
ihch_smmu_2014,ihch_smmu_63,RTK-RAS,NF1,TSG,MUT,Splice_Site,p.X1444_splice
ihch_smmu_2014,ihch_smmu_122,RTK-RAS,NF1,TSG,MUT,Missense_Mutation,p.H2658Y
ihch_smmu_2014,ihch_smmu_113,Hippo,NF2,TSG,MUT,Nonsense_Mutation,p.E32*
ihch_smmu_2014,ihch_smmu_127,Hippo,NF2,TSG,MUT,Splice_Site,p.X81_splice
ihch_smmu_2014,ihch_smmu_145,NOTCH,NOTCH2,TSG,MUT,Missense_Mutation,p.C19W
ihch_smmu_2014,ihch_smmu_81,NOTCH,NOTCH4,TSG,MUT,Missense_Mutation,p.P1397S
ihch_smmu_2014,ihch_smmu_13,NOTCH,NOTCH4,TSG,MUT,Missense_Mutation,p.G1213C
ihch_smmu_2014,ihch_smmu_13,NOTCH,NOTCH4,TSG,MUT,Missense_Mutation,p.K1212N
ihch_smmu_2014,ihch_smmu_119,NOTCH,NOTCH4,TSG,MUT,Missense_Mutation,p.C1187S
ihch_smmu_2014,ihch_smmu_80,RTK-RAS,NRAS,OG,MUT,Missense_Mutation,p.Q61R
ihch_smmu_2014,ihch_smmu_80,RTK-RAS,NRAS,OG,MUT,Missense_Mutation,p.Q61K
ihch_smmu_2014,ihch_smmu_119,RTK-RAS,NTRK1,OG,MUT,Missense_Mutation,p.I73F
ihch_smmu_2014,ihch_smmu_133,RTK-RAS,NTRK3,OG,MUT,Missense_Mutation,p.P526L
ihch_smmu_2014,ihch_smmu_60,NOTCH,NUMBL,Unknown,MUT,In_Frame_Del,p.Q445_Q446del
ihch_smmu_2014,ihch_smmu_119,NOTCH,NUMBL,Unknown,MUT,In_Frame_Del,p.Q445_Q446del
ihch_smmu_2014,ihch_smmu_69,PI3K,PIK3CA,OG,MUT,Missense_Mutation,p.E545K
ihch_smmu_2014,ihch_smmu_16,PI3K,PIK3CA,OG,MUT,Missense_Mutation,p.Q597P
ihch_smmu_2014,ihch_smmu_108,PI3K,PIK3CA,OG,MUT,Missense_Mutation,p.H1047R
ihch_smmu_2014,ihch_smmu_109,PI3K,PIK3CA,OG,MUT,Missense_Mutation,p.H1047R
ihch_smmu_2014,ihch_smmu_90,PI3K,PIK3CB,OG,MUT,Missense_Mutation,p.D101Y
ihch_smmu_2014,ihch_smmu_8_2,PI3K,PIK3R1,TSG,MUT,Splice_Site,p.X434_splice
ihch_smmu_2014,ihch_smmu_145,PI3K,PIK3R1,TSG,MUT,In_Frame_Del,p.N453_Q455delinsK
ihch_smmu_2014,ihch_smmu_94,PI3K,PIK3R2,OG,MUT,Missense_Mutation,p.N341D
ihch_smmu_2014,ihch_smmu_28,RTK-RAS,PLXNB1,Unknown,MUT,Frame_Shift_Del,p.L1458Afs*2
ihch_smmu_2014,ihch_smmu_13,PI3K,PTEN,TSG,MUT,Splice_Site,p.X55_splice
ihch_smmu_2014,ihch_smmu_94,PI3K,PTEN,TSG,MUT,Nonsense_Mutation,p.R84*
ihch_smmu_2014,ihch_smmu_44,PI3K,PTEN,TSG,MUT,Splice_Site,p.X85_splice
ihch_smmu_2014,ihch_smmu_145,PI3K,PTEN,TSG,MUT,Missense_Mutation,p.H93R
ihch_smmu_2014,ihch_smmu_134,PI3K,PTEN,TSG,MUT,Missense_Mutation,p.F195S
ihch_smmu_2014,ihch_smmu_41,PI3K,PTEN,TSG,MUT,Nonsense_Mutation,p.R233*
ihch_smmu_2014,ihch_smmu_08,PI3K,PTEN,TSG,MUT,Nonsense_Mutation,p.Y336*
ihch_smmu_2014,ihch_smmu_122,Hippo,PTPN14,TSG,MUT,Missense_Mutation,p.V1069L
ihch_smmu_2014,ihch_smmu_29,RTK-RAS,RAF1,OG,MUT,Missense_Mutation,p.R391K
ihch_smmu_2014,ihch_smmu_28,RTK-RAS,RAPGEF1,Unknown,MUT,Frame_Shift_Del,p.K287Sfs*38
ihch_smmu_2014,ihch_smmu_53,RTK-RAS,RAPGEF2,Unknown,MUT,Missense_Mutation,p.I22V
ihch_smmu_2014,ihch_smmu_08,RTK-RAS,RASA1,TSG,MUT,Missense_Mutation,p.L504P
ihch_smmu_2014,ihch_smmu_97,RTK-RAS,RASA1,TSG,MUT,Missense_Mutation,p.N660Y
ihch_smmu_2014,ihch_smmu_125,RTK-RAS,RASA1,TSG,MUT,Missense_Mutation,p.R993C
ihch_smmu_2014,ihch_smmu_50,RTK-RAS,RASA3,Unknown,MUT,Missense_Mutation,p.G565A
ihch_smmu_2014,ihch_smmu_135,RTK-RAS,RASA3,Unknown,MUT,Nonsense_Mutation,p.R371*
ihch_smmu_2014,ihch_smmu_64,RTK-RAS,RASAL2,Unknown,MUT,Missense_Mutation,p.K193M
ihch_smmu_2014,ihch_smmu_85,RTK-RAS,RASAL3,Unknown,MUT,Missense_Mutation,p.R559G
ihch_smmu_2014,ihch_smmu_99,RTK-RAS,RASAL3,Unknown,MUT,Missense_Mutation,p.P222L
ihch_smmu_2014,ihch_smmu_133,RTK-RAS,RASGRF1,Unknown,MUT,Missense_Mutation,p.T1204M
ihch_smmu_2014,ihch_smmu_119,RTK-RAS,RASGRF1,Unknown,MUT,Missense_Mutation,p.Q1163L
ihch_smmu_2014,ihch_smmu_128,RTK-RAS,RASGRF1,Unknown,MUT,Missense_Mutation,p.W39R
ihch_smmu_2014,ihch_smmu_128,RTK-RAS,RASGRF1,Unknown,MUT,Missense_Mutation,p.L29R
ihch_smmu_2014,ihch_smmu_135,RTK-RAS,RASGRF2,Unknown,MUT,Nonsense_Mutation,p.R819*
ihch_smmu_2014,ihch_smmu_09,RTK-RAS,RASGRP4,Unknown,MUT,Missense_Mutation,p.T317N
ihch_smmu_2014,ihch_smmu_130,Cell_Cycle,RB1,TSG,MUT,Splice_Site,p.X376_splice
ihch_smmu_2014,ihch_smmu_121,Cell_Cycle,RB1,TSG,MUT,Nonsense_Mutation,p.R445*
ihch_smmu_2014,ihch_smmu_97,Cell_Cycle,RB1,TSG,MUT,Frame_Shift_Ins,p.V654Sfs*14
ihch_smmu_2014,ihch_smmu_94,Cell_Cycle,RB1,TSG,MUT,Frame_Shift_Del,p.P793Lfs*17
ihch_smmu_2014,ihch_smmu_41,Cell_Cycle,RB1,TSG,MUT,Nonsense_Mutation,p.Q846*
ihch_smmu_2014,ihch_smmu_44,NOTCH,RBX1,Unknown,MUT,Missense_Mutation,p.A61V
ihch_smmu_2014,ihch_smmu_135,PI3K,RICTOR,OG,MUT,Missense_Mutation,p.K556T
ihch_smmu_2014,ihch_smmu_119,RTK-RAS,RIT1,OG,MUT,Missense_Mutation,p.T93S
ihch_smmu_2014,ihch_smmu_119,RTK-RAS,ROS1,OG,MUT,Missense_Mutation,p.I1576M
ihch_smmu_2014,ihch_smmu_86,PI3K,RPTOR,OG,MUT,Missense_Mutation,p.N890K
ihch_smmu_2014,ihch_smmu_42,PI3K,RPTOR,OG,MUT,Missense_Mutation,p.R991Q
ihch_smmu_2014,ihch_smmu_143,Hippo,SCRIB,Unknown,MUT,Missense_Mutation,p.P121A
ihch_smmu_2014,ihch_smmu_143,RTK-RAS,SCRIB,Unknown,MUT,Missense_Mutation,p.P121A
ihch_smmu_2014,ihch_smmu_133,WNT,SFRP1,TSG,MUT,Missense_Mutation,p.T282M
ihch_smmu_2014,ihch_smmu_119,WNT,SFRP2,TSG,MUT,Nonsense_Mutation,p.K278*
ihch_smmu_2014,ihch_smmu_97,TGF-Beta,SMAD2,TSG,MUT,Missense_Mutation,p.L155V
ihch_smmu_2014,ihch_smmu_135,TGF-Beta,SMAD4,TSG,MUT,Missense_Mutation,p.D351Y
ihch_smmu_2014,ihch_smmu_133,TGF-Beta,SMAD4,TSG,MUT,Missense_Mutation,p.R361H
ihch_smmu_2014,ihch_smmu_03,TGF-Beta,SMAD4,TSG,MUT,Missense_Mutation,p.G365S
ihch_smmu_2014,ihch_smmu_66,TGF-Beta,SMAD4,TSG,MUT,Frame_Shift_Del,p.D415Efs*20
ihch_smmu_2014,ihch_smmu_8_4,RTK-RAS,SOS1,OG,MUT,Missense_Mutation,p.N233Y
ihch_smmu_2014,ihch_smmu_46,NOTCH,SPEN,TSG,MUT,Missense_Mutation,p.L1091P
ihch_smmu_2014,ihch_smmu_74,RTK-RAS,SPRED2,Unknown,MUT,Missense_Mutation,p.R220Q
ihch_smmu_2014,ihch_smmu_06,RTK-RAS,SPRED3,Unknown,MUT,In_Frame_Del,p.S128del
ihch_smmu_2014,ihch_smmu_99,Hippo,STK4,TSG,MUT,Nonsense_Mutation,p.E38*
ihch_smmu_2014,ihch_smmu_141,PI3K,STK11,TSG,MUT,Missense_Mutation,p.D162Y
ihch_smmu_2014,ihch_smmu_44,PI3K,STK11,TSG,MUT,Missense_Mutation,p.N181S
ihch_smmu_2014,ihch_smmu_17,Hippo,TAOK3,TSG,MUT,Missense_Mutation,p.P412H
ihch_smmu_2014,ihch_smmu_85,Hippo,TAOK3,TSG,MUT,Missense_Mutation,p.T240R
ihch_smmu_2014,ihch_smmu_85,Hippo,TAOK3,TSG,MUT,Frame_Shift_Del,p.Q235Pfs*6
ihch_smmu_2014,ihch_smmu_81,TGF-Beta,TGFBR1,TSG,MUT,Frame_Shift_Del,p.D63Kfs*9
ihch_smmu_2014,ihch_smmu_19,TGF-Beta,TGFBR1,TSG,MUT,Missense_Mutation,p.G214V
ihch_smmu_2014,ihch_smmu_91,TGF-Beta,TGFBR2,TSG,MUT,Frame_Shift_Del,p.K153Sfs*35
ihch_smmu_2014,ihch_smmu_111,TGF-Beta,TGFBR2,TSG,MUT,Missense_Mutation,p.C418Y
ihch_smmu_2014,ihch_smmu_09,WNT,TLE4,TSG,MUT,Missense_Mutation,p.G168V
ihch_smmu_2014,ihch_smmu_135,WNT,TLE4,TSG,MUT,Missense_Mutation,p.S496N
ihch_smmu_2014,ihch_smmu_123,TP53,TP53,TSG,MUT,Missense_Mutation,p.K351E
ihch_smmu_2014,ihch_smmu_128,TP53,TP53,TSG,MUT,Missense_Mutation,p.L344R
ihch_smmu_2014,ihch_smmu_134,TP53,TP53,TSG,MUT,Missense_Mutation,p.R337L
ihch_smmu_2014,ihch_smmu_16,TP53,TP53,TSG,MUT,Splice_Site,p.X332_splice
ihch_smmu_2014,ihch_smmu_95,TP53,TP53,TSG,MUT,Splice_Site,p.X307_splice
ihch_smmu_2014,ihch_smmu_135,TP53,TP53,TSG,MUT,Splice_Site,p.X307_splice
ihch_smmu_2014,ihch_smmu_99,TP53,TP53,TSG,MUT,Missense_Mutation,p.R273H
ihch_smmu_2014,ihch_smmu_127,TP53,TP53,TSG,MUT,Splice_Site,p.X261_splice
ihch_smmu_2014,ihch_smmu_34,TP53,TP53,TSG,MUT,Missense_Mutation,p.E258Q
ihch_smmu_2014,ihch_smmu_13,TP53,TP53,TSG,MUT,Missense_Mutation,p.R249S
ihch_smmu_2014,ihch_smmu_20,TP53,TP53,TSG,MUT,Missense_Mutation,p.R249S
ihch_smmu_2014,ihch_smmu_28,TP53,TP53,TSG,MUT,Missense_Mutation,p.R249S
ihch_smmu_2014,ihch_smmu_41,TP53,TP53,TSG,MUT,Missense_Mutation,p.R249S
ihch_smmu_2014,ihch_smmu_51,TP53,TP53,TSG,MUT,Missense_Mutation,p.R249S
ihch_smmu_2014,ihch_smmu_90,TP53,TP53,TSG,MUT,Missense_Mutation,p.R249S
ihch_smmu_2014,ihch_smmu_97,TP53,TP53,TSG,MUT,Missense_Mutation,p.R249S
ihch_smmu_2014,ihch_smmu_125,TP53,TP53,TSG,MUT,Missense_Mutation,p.R249S
ihch_smmu_2014,ihch_smmu_130,TP53,TP53,TSG,MUT,Missense_Mutation,p.R249S
ihch_smmu_2014,ihch_smmu_141,TP53,TP53,TSG,MUT,Missense_Mutation,p.R249S
ihch_smmu_2014,ihch_smmu_63,TP53,TP53,TSG,MUT,Missense_Mutation,p.R248Q
ihch_smmu_2014,ihch_smmu_134,TP53,TP53,TSG,MUT,Missense_Mutation,p.G245D
ihch_smmu_2014,ihch_smmu_108,TP53,TP53,TSG,MUT,Missense_Mutation,p.S241F
ihch_smmu_2014,ihch_smmu_05,TP53,TP53,TSG,MUT,Missense_Mutation,p.C238F
ihch_smmu_2014,ihch_smmu_71,TP53,TP53,TSG,MUT,Missense_Mutation,p.C238F
ihch_smmu_2014,ihch_smmu_8_2,TP53,TP53,TSG,MUT,Splice_Site,p.X225_splice
ihch_smmu_2014,ihch_smmu_26,TP53,TP53,TSG,MUT,Missense_Mutation,p.E224D
ihch_smmu_2014,ihch_smmu_58,TP53,TP53,TSG,MUT,Nonsense_Mutation,p.R209*
ihch_smmu_2014,ihch_smmu_87,TP53,TP53,TSG,MUT,Missense_Mutation,p.D208V
ihch_smmu_2014,ihch_smmu_145,TP53,TP53,TSG,MUT,Missense_Mutation,p.Y205C
ihch_smmu_2014,ihch_smmu_131,TP53,TP53,TSG,MUT,Nonsense_Mutation,p.E204*
ihch_smmu_2014,ihch_smmu_17,TP53,TP53,TSG,MUT,Missense_Mutation,p.C176S
ihch_smmu_2014,ihch_smmu_129,TP53,TP53,TSG,MUT,Missense_Mutation,p.R175H
ihch_smmu_2014,ihch_smmu_8_4,TP53,TP53,TSG,MUT,Missense_Mutation,p.R174W
ihch_smmu_2014,ihch_smmu_95,TP53,TP53,TSG,MUT,Nonsense_Mutation,p.E171*
ihch_smmu_2014,ihch_smmu_121,TP53,TP53,TSG,MUT,Nonsense_Mutation,p.K164*
ihch_smmu_2014,ihch_smmu_119,TP53,TP53,TSG,MUT,Missense_Mutation,p.A159P
ihch_smmu_2014,ihch_smmu_08,TP53,TP53,TSG,MUT,Nonsense_Mutation,p.W146*
ihch_smmu_2014,ihch_smmu_03,TP53,TP53,TSG,MUT,Frame_Shift_Del,p.C135Afs*35
ihch_smmu_2014,ihch_smmu_143,TP53,TP53,TSG,MUT,Missense_Mutation,p.F134L
ihch_smmu_2014,ihch_smmu_66,TP53,TP53,TSG,MUT,Missense_Mutation,p.K132R
ihch_smmu_2014,ihch_smmu_140,TP53,TP53,TSG,MUT,Splice_Site,p.X125_splice
ihch_smmu_2014,ihch_smmu_59,TP53,TP53,TSG,MUT,In_Frame_Del,p.F113del
ihch_smmu_2014,ihch_smmu_113,TP53,TP53,TSG,MUT,Nonsense_Mutation,p.S94*
ihch_smmu_2014,ihch_smmu_119,PI3K,TSC1,TSG,MUT,Missense_Mutation,p.Q940L
ihch_smmu_2014,ihch_smmu_94,PI3K,TSC1,TSG,MUT,Nonsense_Mutation,p.K799*
ihch_smmu_2014,ihch_smmu_87,PI3K,TSC1,TSG,MUT,In_Frame_Del,p.V128del
ihch_smmu_2014,ihch_smmu_145,PI3K,TSC2,TSG,MUT,Missense_Mutation,p.D635V
ihch_smmu_2014,ihch_smmu_135,WNT,WNT2,OG,MUT,Missense_Mutation,p.D232E
ihch_smmu_2014,ihch_smmu_119,WNT,WNT3A,OG,MUT,Missense_Mutation,p.H186L
ihch_smmu_2014,ihch_smmu_133,WNT,WNT5B,OG,MUT,Missense_Mutation,p.R244Q
ihch_smmu_2014,ihch_smmu_131,WNT,WNT8A,OG,MUT,Missense_Mutation,p.A81T
ihch_smmu_2014,ihch_smmu_79,WNT,WNT10B,OG,MUT,Missense_Mutation,p.M227I
ihch_smmu_2014,ihch_smmu_119,WNT,WNT16,OG,MUT,Missense_Mutation,p.I259K
chol_msk_2018,P-0008766-T01-IM5,MYC,MYC,OG,CNA,AMP,
chol_msk_2018,P-0005161-T01-IM5,MYC,MYC,OG,CNA,AMP,
chol_msk_2018,P-0009694-T01-IM5,MYC,MYC,OG,CNA,AMP,
chol_msk_2018,P-0002059-T01-IM3,MYC,MYC,OG,CNA,AMP,
chol_msk_2018,P-0005420-T01-IM5,Hippo,FAT1,TSG,CNA,DEL,
chol_msk_2018,P-0002119-T02-IM5,RTK-RAS,EGFR,OG,CNA,AMP,
chol_msk_2018,P-0003795-T01-IM5,RTK-RAS,EGFR,OG,CNA,AMP,
chol_msk_2018,P-0005420-T01-IM5,RTK-RAS,EGFR,OG,CNA,AMP,
chol_msk_2018,P-0006583-T01-IM5,Cell_Cycle,CDKN2B,TSG,CNA,DEL,
chol_msk_2018,P-0007213-T01-IM5,Cell_Cycle,CDKN2B,TSG,CNA,DEL,
chol_msk_2018,P-0001292-T01-IM3,Cell_Cycle,CDKN2B,TSG,CNA,DEL,
chol_msk_2018,P-0005835-T01-IM5,Cell_Cycle,CDKN2B,TSG,CNA,DEL,
chol_msk_2018,P-0010701-T01-IM5,Cell_Cycle,CDKN2B,TSG,CNA,DEL,
chol_msk_2018,P-0012155-T01-IM5,Cell_Cycle,CDKN2B,TSG,CNA,DEL,
chol_msk_2018,P-0000360-T01-IM3,Cell_Cycle,CDKN2B,TSG,CNA,DEL,
chol_msk_2018,P-0005291-T01-IM5,Cell_Cycle,CDKN2B,TSG,CNA,DEL,
chol_msk_2018,P-0005420-T01-IM5,Cell_Cycle,CDKN2B,TSG,CNA,DEL,
chol_msk_2018,P-0007095-T01-IM5,Cell_Cycle,CDKN2B,TSG,CNA,DEL,
chol_msk_2018,P-0003503-T01-IM5,Cell_Cycle,CDKN2B,TSG,CNA,DEL,
chol_msk_2018,P-0008766-T01-IM5,Cell_Cycle,CDKN2A,TSG,CNA,DEL,
chol_msk_2018,P-0006583-T01-IM5,Cell_Cycle,CDKN2A,TSG,CNA,DEL,
chol_msk_2018,P-0007213-T01-IM5,Cell_Cycle,CDKN2A,TSG,CNA,DEL,
chol_msk_2018,P-0002135-T01-IM3,Cell_Cycle,CDKN2A,TSG,CNA,DEL,
chol_msk_2018,P-0001292-T01-IM3,Cell_Cycle,CDKN2A,TSG,CNA,DEL,
chol_msk_2018,P-0005835-T01-IM5,Cell_Cycle,CDKN2A,TSG,CNA,DEL,
chol_msk_2018,P-0010701-T01-IM5,Cell_Cycle,CDKN2A,TSG,CNA,DEL,
chol_msk_2018,P-0003898-T01-IM5,Cell_Cycle,CDKN2A,TSG,CNA,DEL,
chol_msk_2018,P-0000327-T01-IM3,Cell_Cycle,CDKN2A,TSG,CNA,DEL,
chol_msk_2018,P-0012155-T01-IM5,Cell_Cycle,CDKN2A,TSG,CNA,DEL,
chol_msk_2018,P-0000360-T01-IM3,Cell_Cycle,CDKN2A,TSG,CNA,DEL,
chol_msk_2018,P-0005291-T01-IM5,Cell_Cycle,CDKN2A,TSG,CNA,DEL,
chol_msk_2018,P-0005420-T01-IM5,Cell_Cycle,CDKN2A,TSG,CNA,DEL,
chol_msk_2018,P-0007095-T01-IM5,Cell_Cycle,CDKN2A,TSG,CNA,DEL,
chol_msk_2018,P-0003503-T01-IM5,Cell_Cycle,CDKN2A,TSG,CNA,DEL,
chol_msk_2018,P-0005538-T01-IM5,NOTCH,FBXW7,TSG,CNA,DEL,
chol_msk_2018,P-0009523-T01-IM5,Cell_Cycle,CDK6,OG,CNA,AMP,
chol_msk_2018,P-0002944-T01-IM3,Cell_Cycle,CDK6,OG,CNA,AMP,
chol_msk_2018,P-0002211-T01-IM3,TP53,MDM2,OG,CNA,AMP,
chol_msk_2018,P-0003160-T01-IM5,TP53,MDM2,OG,CNA,AMP,
chol_msk_2018,P-0007213-T01-IM5,TP53,MDM2,OG,CNA,AMP,
chol_msk_2018,P-0003701-T01-IM5,TP53,MDM2,OG,CNA,AMP,
chol_msk_2018,P-0009306-T01-IM5,TP53,MDM2,OG,CNA,AMP,
chol_msk_2018,P-0000599-T01-IM3,TP53,MDM2,OG,CNA,AMP,
chol_msk_2018,P-0003898-T01-IM5,TP53,MDM2,OG,CNA,AMP,
chol_msk_2018,P-0002944-T01-IM3,TP53,MDM2,OG,CNA,AMP,
chol_msk_2018,P-0010701-T01-IM5,RTK-RAS,NF1,TSG,CNA,DEL,
chol_msk_2018,P-0006244-T01-IM5,RTK-RAS,NF1,TSG,CNA,DEL,
chol_msk_2018,P-0011556-T01-IM5,TP53,MDM4,OG,CNA,AMP,
chol_msk_2018,P-0003898-T01-IM5,PI3K,PIK3CB,OG,CNA,AMP,
chol_msk_2018,P-0003898-T01-IM5,PI3K,PIK3CA,OG,CNA,AMP,
chol_msk_2018,P-0004252-T01-IM5,RTK-RAS,MET,OG,CNA,AMP,
chol_msk_2018,P-0011556-T01-IM5,RTK-RAS,NTRK1,OG,CNA,AMP,
chol_msk_2018,P-0012423-T01-IM5,RTK-RAS,NTRK1,OG,CNA,AMP,
chol_msk_2018,P-0011556-T01-IM5,RTK-RAS,RIT1,OG,CNA,AMP,
chol_msk_2018,P-0005255-T01-IM5,RTK-RAS,RIT1,OG,CNA,AMP,
chol_msk_2018,P-0012423-T01-IM5,RTK-RAS,RIT1,OG,CNA,AMP,
chol_msk_2018,P-0000127-T01-IM3,Cell_Cycle,CCND1,OG,CNA,AMP,
chol_msk_2018,P-0007520-T01-IM5,Cell_Cycle,CCND1,OG,CNA,AMP,
chol_msk_2018,P-0003898-T01-IM5,Cell_Cycle,CCND1,OG,CNA,AMP,
chol_msk_2018,P-0000127-T02-IM3,Cell_Cycle,CCND1,OG,CNA,AMP,
chol_msk_2018,P-0000360-T01-IM3,NOTCH,EP300,TSG,CNA,DEL,
chol_msk_2018,P-0012155-T01-IM5,MYC,MYCN,OG,CNA,AMP,
chol_msk_2018,P-0011065-T01-IM5,Cell_Cycle,CCNE1,OG,CNA,AMP,
chol_msk_2018,P-0002119-T02-IM5,Cell_Cycle,CCNE1,OG,CNA,AMP,
chol_msk_2018,P-0008766-T01-IM5,TGF-Beta,SMAD4,TSG,CNA,DEL,
chol_msk_2018,P-0010102-T01-IM5,TGF-Beta,SMAD4,TSG,CNA,DEL,
chol_msk_2018,P-0001292-T01-IM3,TGF-Beta,SMAD4,TSG,CNA,DEL,
chol_msk_2018,P-0005561-T01-IM5,RTK-RAS,FGFR4,OG,CNA,AMP,
chol_msk_2018,P-0011240-T01-IM5,RTK-RAS,FGFR3,OG,CNA,AMP,
chol_msk_2018,P-0002213-T01-IM3,RTK-RAS,FGFR3,OG,CNA,AMP,
chol_msk_2018,P-0009523-T01-IM5,RTK-RAS,FGFR3,OG,CNA,AMP,
chol_msk_2018,P-0005161-T01-IM5,RTK-RAS,FGFR2,OG,CNA,AMP,
chol_msk_2018,P-0007784-T01-IM5,RTK-RAS,FGFR1,OG,CNA,AMP,
chol_msk_2018,P-0010102-T01-IM5,NOTCH,KDM5A,OG,CNA,AMP,
chol_msk_2018,P-0012155-T01-IM5,NOTCH,KDM5A,OG,CNA,AMP,
chol_msk_2018,P-0007275-T01-IM5,WNT,AXIN1,TSG,CNA,DEL,
chol_msk_2018,P-0007668-T01-IM5,TGF-Beta,TGFBR2,TSG,CNA,DEL,
chol_msk_2018,P-0003478-T01-IM5,TGF-Beta,TGFBR2,TSG,CNA,DEL,
chol_msk_2018,P-0003590-T01-IM5,RTK-RAS,RASA1,TSG,CNA,DEL,
chol_msk_2018,P-0010701-T01-IM5,RTK-RAS,RASA1,TSG,CNA,DEL,
chol_msk_2018,P-0003160-T01-IM5,RTK-RAS,ERBB3,OG,CNA,AMP,
chol_msk_2018,P-0005561-T01-IM5,RTK-RAS,ERBB3,OG,CNA,AMP,
chol_msk_2018,P-0011240-T01-IM5,RTK-RAS,ERBB2,OG,CNA,AMP,
chol_msk_2018,P-0000362-T01-IM3,RTK-RAS,ERBB2,OG,CNA,AMP,
chol_msk_2018,P-0009306-T01-IM5,RTK-RAS,ERBB2,OG,CNA,AMP,
chol_msk_2018,P-0003214-T01-IM5,RTK-RAS,ERBB2,OG,CNA,AMP,
chol_msk_2018,P-0007784-T01-IM5,RTK-RAS,ERBB2,OG,CNA,AMP,
chol_msk_2018,P-0003898-T01-IM5,RTK-RAS,ERBB2,OG,CNA,AMP,
chol_msk_2018,P-0006244-T01-IM5,RTK-RAS,ERBB2,OG,CNA,AMP,
chol_msk_2018,P-0000360-T01-IM3,RTK-RAS,MAPK1,OG,CNA,AMP,
chol_msk_2018,P-0009596-T01-IM5,RTK-RAS,KRAS,OG,CNA,AMP,
chol_msk_2018,P-0003898-T01-IM5,RTK-RAS,KRAS,OG,CNA,AMP,
chol_tcga_pan_can_atlas_2018,TCGA-3X-AAVE-01,NOTCH,HES4,TSG,CNA,DEL,
chol_tcga_pan_can_atlas_2018,TCGA-3X-AAVE-01,NOTCH,HES5,TSG,CNA,DEL,
chol_tcga_pan_can_atlas_2018,TCGA-3X-AAVE-01,RTK-RAS,ICMT,Unknown,CNA,DEL,
chol_tcga_pan_can_atlas_2018,TCGA-3X-AAVE-01,NOTCH,HES3,TSG,CNA,DEL,
chol_tcga_pan_can_atlas_2018,TCGA-3X-AAVE-01,NOTCH,HES2,TSG,CNA,DEL,
chol_tcga_pan_can_atlas_2018,TCGA-3X-AAVE-01,RTK-RAS,ERRFI1,TSG,CNA,DEL,
chol_tcga_pan_can_atlas_2018,TCGA-W5-AA2T-01,RTK-RAS,ERRFI1,TSG,CNA,DEL,
chol_tcga_pan_can_atlas_2018,TCGA-3X-AAVE-01,NOTCH,SPEN,TSG,CNA,DEL,
chol_tcga_pan_can_atlas_2018,TCGA-W5-AA2X-01,NOTCH,SPEN,TSG,CNA,DEL,
chol_tcga_pan_can_atlas_2018,TCGA-3X-AAVE-01,NOTCH,MFAP2,Unknown,CNA,DEL,
chol_tcga_pan_can_atlas_2018,TCGA-W5-AA2X-01,NOTCH,MFAP2,Unknown,CNA,DEL,
chol_tcga_pan_can_atlas_2018,TCGA-W5-AA2X-01,NOTCH,HEYL,TSG,CNA,DEL,
chol_tcga_pan_can_atlas_2018,TCGA-4G-AAZO-01,RTK-RAS,RIT1,OG,CNA,AMP,
chol_tcga_pan_can_atlas_2018,TCGA-W5-AA2Q-01,RTK-RAS,RIT1,OG,CNA,AMP,
chol_tcga_pan_can_atlas_2018,TCGA-YR-A95A-01,RTK-RAS,RIT1,OG,CNA,AMP,
chol_tcga_pan_can_atlas_2018,TCGA-ZH-A8Y5-01,RTK-RAS,RIT1,OG,CNA,AMP,
chol_tcga_pan_can_atlas_2018,TCGA-4G-AAZO-01,RTK-RAS,NTRK1,OG,CNA,AMP,
chol_tcga_pan_can_atlas_2018,TCGA-W5-AA2Q-01,RTK-RAS,NTRK1,OG,CNA,AMP,
chol_tcga_pan_can_atlas_2018,TCGA-YR-A95A-01,RTK-RAS,NTRK1,OG,CNA,AMP,
chol_tcga_pan_can_atlas_2018,TCGA-ZH-A8Y5-01,RTK-RAS,NTRK1,OG,CNA,AMP,
chol_tcga_pan_can_atlas_2018,TCGA-W5-AA2W-01,TP53,MDM4,OG,CNA,AMP,
chol_tcga_pan_can_atlas_2018,TCGA-WD-A7RX-01,TP53,MDM4,OG,CNA,AMP,
chol_tcga_pan_can_atlas_2018,TCGA-W5-AA2W-01,WNT,WNT9A,OG,CNA,AMP,
chol_tcga_pan_can_atlas_2018,TCGA-WD-A7RX-01,WNT,WNT9A,OG,CNA,AMP,
chol_tcga_pan_can_atlas_2018,TCGA-W5-AA2W-01,WNT,WNT3A,OG,CNA,AMP,
chol_tcga_pan_can_atlas_2018,TCGA-WD-A7RX-01,WNT,WNT3A,OG,CNA,AMP,
chol_tcga_pan_can_atlas_2018,TCGA-W5-AA2U-01,RTK-RAS,FGFR3,OG,CNA,AMP,
chol_tcga_pan_can_atlas_2018,TCGA-W5-AA2U-01,WNT,WNT8A,OG,CNA,AMP,
chol_tcga_pan_can_atlas_2018,TCGA-W5-AA2U-01,RTK-RAS,PDGFRB,OG,CNA,AMP,
chol_tcga_pan_can_atlas_2018,TCGA-W5-AA36-01,Cell_Cycle,E2F3,OG,CNA,AMP,
chol_tcga_pan_can_atlas_2018,TCGA-W5-AA36-01,Hippo,TEAD3,OG,CNA,AMP,
chol_tcga_pan_can_atlas_2018,TCGA-W5-AA36-01,Cell_Cycle,CCND3,OG,CNA,AMP,
chol_tcga_pan_can_atlas_2018,TCGA-W5-AA2G-01,RTK-RAS,EGFR,OG,CNA,AMP,
chol_tcga_pan_can_atlas_2018,TCGA-3X-AAVB-01,WNT,FZD1,OG,CNA,AMP,
chol_tcga_pan_can_atlas_2018,TCGA-3X-AAVB-01,Cell_Cycle,CDK6,OG,CNA,AMP,
chol_tcga_pan_can_atlas_2018,TCGA-3X-AAV9-01,Cell_Cycle,CDKN2A,TSG,CNA,DEL,
chol_tcga_pan_can_atlas_2018,TCGA-3X-AAVB-01,Cell_Cycle,CDKN2A,TSG,CNA,DEL,
chol_tcga_pan_can_atlas_2018,TCGA-W5-AA2G-01,Cell_Cycle,CDKN2A,TSG,CNA,DEL,
chol_tcga_pan_can_atlas_2018,TCGA-W5-AA36-01,Cell_Cycle,CDKN2A,TSG,CNA,DEL,
chol_tcga_pan_can_atlas_2018,TCGA-ZH-A8Y2-01,Cell_Cycle,CDKN2A,TSG,CNA,DEL,
chol_tcga_pan_can_atlas_2018,TCGA-ZU-A8S4-01,Cell_Cycle,CDKN2A,TSG,CNA,DEL,
chol_tcga_pan_can_atlas_2018,TCGA-3X-AAV9-01,Cell_Cycle,CDKN2B,TSG,CNA,DEL,
chol_tcga_pan_can_atlas_2018,TCGA-3X-AAVB-01,Cell_Cycle,CDKN2B,TSG,CNA,DEL,
chol_tcga_pan_can_atlas_2018,TCGA-W5-AA36-01,Cell_Cycle,CDKN2B,TSG,CNA,DEL,
chol_tcga_pan_can_atlas_2018,TCGA-ZH-A8Y2-01,Cell_Cycle,CDKN2B,TSG,CNA,DEL,
chol_tcga_pan_can_atlas_2018,TCGA-ZU-A8S4-01,Cell_Cycle,CDKN2B,TSG,CNA,DEL,
chol_tcga_pan_can_atlas_2018,TCGA-W5-AA2O-01,RTK-RAS,RET,OG,CNA,AMP,
chol_tcga_pan_can_atlas_2018,TCGA-W5-AA2X-01,WNT,LRP5,OG,CNA,AMP,
chol_tcga_pan_can_atlas_2018,TCGA-WD-A7RX-01,WNT,LRP5,OG,CNA,AMP,
chol_tcga_pan_can_atlas_2018,TCGA-W5-AA2T-01,Cell_Cycle,CCND1,OG,CNA,AMP,
chol_tcga_pan_can_atlas_2018,TCGA-W5-AA2X-01,Cell_Cycle,CCND1,OG,CNA,AMP,
chol_tcga_pan_can_atlas_2018,TCGA-WD-A7RX-01,Cell_Cycle,CCND1,OG,CNA,AMP,
chol_tcga_pan_can_atlas_2018,TCGA-ZD-A8I3-01,Cell_Cycle,CCND1,OG,CNA,AMP,
chol_tcga_pan_can_atlas_2018,TCGA-W5-AA2X-01,WNT,WNT11,OG,CNA,AMP,
chol_tcga_pan_can_atlas_2018,TCGA-WD-A7RX-01,WNT,WNT11,OG,CNA,AMP,
chol_tcga_pan_can_atlas_2018,TCGA-W5-AA2I-01,NOTCH,KDM5A,OG,CNA,AMP,
chol_tcga_pan_can_atlas_2018,TCGA-W5-AA2I-01,WNT,WNT5B,OG,CNA,AMP,
chol_tcga_pan_can_atlas_2018,TCGA-W5-AA2I-01,Hippo,TEAD4,OG,CNA,AMP,
chol_tcga_pan_can_atlas_2018,TCGA-YR-A95A-01,RTK-RAS,ERBB3,OG,CNA,AMP,
chol_tcga_pan_can_atlas_2018,TCGA-W5-AA2X-01,Cell_Cycle,CDK4,OG,CNA,AMP,
chol_tcga_pan_can_atlas_2018,TCGA-ZH-A8Y6-01,Cell_Cycle,CDK4,OG,CNA,AMP,
chol_tcga_pan_can_atlas_2018,TCGA-W5-AA2X-01,TP53,MDM2,OG,CNA,AMP,
chol_tcga_pan_can_atlas_2018,TCGA-W5-AA30-01,RTK-RAS,IRS2,OG,CNA,AMP,
chol_tcga_pan_can_atlas_2018,TCGA-3X-AAVA-01,Hippo,SAV1,TSG,CNA,DEL,
chol_tcga_pan_can_atlas_2018,TCGA-3X-AAVE-01,Hippo,SAV1,TSG,CNA,DEL,
chol_tcga_pan_can_atlas_2018,TCGA-W5-AA36-01,Hippo,SAV1,TSG,CNA,DEL,
chol_tcga_pan_can_atlas_2018,TCGA-WD-A7RX-01,NOTCH,DLK1,Unknown,CNA,DEL,
chol_tcga_pan_can_atlas_2018,TCGA-WD-A7RX-01,NOTCH,JAG2,TSG,CNA,DEL,
chol_tcga_pan_can_atlas_2018,TCGA-YR-A95A-01,PI3K,RPTOR,OG,CNA,AMP,
chol_tcga_pan_can_atlas_2018,TCGA-3X-AAVB-01,TGF-Beta,SMAD4,TSG,CNA,DEL,
chol_tcga_pan_can_atlas_2018,TCGA-W5-AA2I-01,PI3K,PIK3R2,OG,CNA,AMP,
gbc_msk_2018,P-0003289-T02-IM5,WNT,AMER1,TSG,CNA,DEL,
gbc_msk_2018,s_WJ_gb_034_P,RTK-RAS,ARAF,OG,CNA,AMP,
gbc_msk_2018,s_WJ_gb_046_T,WNT,AXIN1,TSG,CNA,DEL,
gbc_msk_2018,P-0009713-T01-IM5,WNT,AXIN1,TSG,CNA,DEL,
gbc_msk_2018,P-0008907-T01-IM5,Cell_Cycle,CCND1,OG,CNA,AMP,
gbc_msk_2018,P-0009713-T01-IM5,Cell_Cycle,CCND1,OG,CNA,AMP,
gbc_msk_2018,P-0005457-T01-IM5,Cell_Cycle,CCND1,OG,CNA,AMP,
gbc_msk_2018,s_WJ_gb_008_P,Cell_Cycle,CCND1,OG,CNA,AMP,
gbc_msk_2018,s_WJ_gb_010_P,Cell_Cycle,CCND1,OG,CNA,AMP,
gbc_msk_2018,s_WJ_gb_031_P,Cell_Cycle,CCND1,OG,CNA,AMP,
gbc_msk_2018,s_WJ_gb_036_P,Cell_Cycle,CCND1,OG,CNA,AMP,
gbc_msk_2018,P-0003461-T02-IM5,Cell_Cycle,CCND2,OG,CNA,AMP,
gbc_msk_2018,P-0006812-T01-IM5,Cell_Cycle,CCND3,OG,CNA,AMP,
gbc_msk_2018,P-0001804-T01-IM3,Cell_Cycle,CCND3,OG,CNA,AMP,
gbc_msk_2018,s_WJ_gb_005_P,Cell_Cycle,CCND3,OG,CNA,AMP,
gbc_msk_2018,s_WJ_gb_060_T,Cell_Cycle,CCNE1,OG,CNA,AMP,
gbc_msk_2018,P-0012257-T01-IM5,Cell_Cycle,CCNE1,OG,CNA,AMP,
gbc_msk_2018,P-0003289-T02-IM5,Cell_Cycle,CCNE1,OG,CNA,AMP,
gbc_msk_2018,P-0003612-T01-IM5,Cell_Cycle,CCNE1,OG,CNA,AMP,
gbc_msk_2018,s_WJ_gb_017_P,Cell_Cycle,CCNE1,OG,CNA,AMP,
gbc_msk_2018,s_WJ_gb_031_P,Cell_Cycle,CCNE1,OG,CNA,AMP,
gbc_msk_2018,s_WJ_gb_038_P,Cell_Cycle,CCNE1,OG,CNA,AMP,
gbc_msk_2018,P-0003329-T01-IM5,Cell_Cycle,CDK4,OG,CNA,AMP,
gbc_msk_2018,P-0001675-T01-IM3,Cell_Cycle,CDK4,OG,CNA,AMP,
gbc_msk_2018,P-0009713-T01-IM5,Cell_Cycle,CDK4,OG,CNA,AMP,
gbc_msk_2018,P-0003289-T03-IM5,Cell_Cycle,CDK6,OG,CNA,AMP,
gbc_msk_2018,P-0003289-T02-IM5,Cell_Cycle,CDK6,OG,CNA,AMP,
gbc_msk_2018,P-0005186-T01-IM5,Cell_Cycle,CDKN1B,TSG,CNA,DEL,
gbc_msk_2018,s_WJ_gb_042_T,Cell_Cycle,CDKN2A,TSG,CNA,DEL,
gbc_msk_2018,s_WJ_gb_059_T,Cell_Cycle,CDKN2A,TSG,CNA,DEL,
gbc_msk_2018,P-0000743-T01-IM3,Cell_Cycle,CDKN2A,TSG,CNA,DEL,
gbc_msk_2018,P-0003363-T01-IM5,Cell_Cycle,CDKN2A,TSG,CNA,DEL,
gbc_msk_2018,P-0001804-T01-IM3,Cell_Cycle,CDKN2A,TSG,CNA,DEL,
gbc_msk_2018,P-0009713-T01-IM5,Cell_Cycle,CDKN2A,TSG,CNA,DEL,
gbc_msk_2018,P-0002361-T01-IM3,Cell_Cycle,CDKN2A,TSG,CNA,DEL,
gbc_msk_2018,P-0010701-T01-IM5,Cell_Cycle,CDKN2A,TSG,CNA,DEL,
gbc_msk_2018,P-0005186-T01-IM5,Cell_Cycle,CDKN2A,TSG,CNA,DEL,
gbc_msk_2018,P-0004513-T01-IM5,Cell_Cycle,CDKN2A,TSG,CNA,DEL,
gbc_msk_2018,s_WJ_gb_009_P,Cell_Cycle,CDKN2A,TSG,CNA,DEL,
gbc_msk_2018,s_WJ_gb_015_P,Cell_Cycle,CDKN2A,TSG,CNA,DEL,
gbc_msk_2018,s_WJ_gb_032_P,Cell_Cycle,CDKN2A,TSG,CNA,DEL,
gbc_msk_2018,s_WJ_gb_036_P,Cell_Cycle,CDKN2A,TSG,CNA,DEL,
gbc_msk_2018,s_WJ_gb_044_T,Cell_Cycle,CDKN2B,TSG,CNA,DEL,
gbc_msk_2018,s_WJ_gb_059_T,Cell_Cycle,CDKN2B,TSG,CNA,DEL,
gbc_msk_2018,P-0000743-T01-IM3,Cell_Cycle,CDKN2B,TSG,CNA,DEL,
gbc_msk_2018,P-0003363-T01-IM5,Cell_Cycle,CDKN2B,TSG,CNA,DEL,
gbc_msk_2018,P-0001804-T01-IM3,Cell_Cycle,CDKN2B,TSG,CNA,DEL,
gbc_msk_2018,P-0002361-T01-IM3,Cell_Cycle,CDKN2B,TSG,CNA,DEL,
gbc_msk_2018,P-0010701-T01-IM5,Cell_Cycle,CDKN2B,TSG,CNA,DEL,
gbc_msk_2018,P-0005186-T01-IM5,Cell_Cycle,CDKN2B,TSG,CNA,DEL,
gbc_msk_2018,P-0004513-T01-IM5,Cell_Cycle,CDKN2B,TSG,CNA,DEL,
gbc_msk_2018,s_WJ_gb_009_P,Cell_Cycle,CDKN2B,TSG,CNA,DEL,
gbc_msk_2018,s_WJ_gb_015_P,Cell_Cycle,CDKN2B,TSG,CNA,DEL,
gbc_msk_2018,s_WJ_gb_032_P,Cell_Cycle,CDKN2B,TSG,CNA,DEL,
gbc_msk_2018,s_WJ_gb_055_T,Cell_Cycle,E2F3,OG,CNA,AMP,
gbc_msk_2018,s_WJ_gb_012_P,Cell_Cycle,E2F3,OG,CNA,AMP,
gbc_msk_2018,P-0009713-T01-IM5,RTK-RAS,EGFR,OG,CNA,AMP,
gbc_msk_2018,s_WJ_gb_024_P,RTK-RAS,EGFR,OG,CNA,AMP,
gbc_msk_2018,s_WJ_gb_031_P,RTK-RAS,EGFR,OG,CNA,AMP,
gbc_msk_2018,s_WJ_gb_046_T,RTK-RAS,ERBB2,OG,CNA,AMP,
gbc_msk_2018,s_WJ_gb_053_T,RTK-RAS,ERBB2,OG,CNA,AMP,
gbc_msk_2018,P-0003289-T02-IM5,RTK-RAS,ERBB2,OG,CNA,AMP,
gbc_msk_2018,P-0006430-T01-IM5,RTK-RAS,ERBB2,OG,CNA,AMP,
gbc_msk_2018,P-0001804-T01-IM3,RTK-RAS,ERBB2,OG,CNA,AMP,
gbc_msk_2018,s_WJ_gb_017_P,RTK-RAS,ERBB2,OG,CNA,AMP,
gbc_msk_2018,s_WJ_gb_036_P,RTK-RAS,ERBB2,OG,CNA,AMP,
gbc_msk_2018,P-0006430-T01-IM5,RTK-RAS,ERBB3,OG,CNA,AMP,
gbc_msk_2018,P-0001675-T01-IM3,RTK-RAS,ERBB3,OG,CNA,AMP,
gbc_msk_2018,P-0009061-T02-IM5,RTK-RAS,ERBB3,OG,CNA,AMP,
gbc_msk_2018,P-0009713-T01-IM5,RTK-RAS,ERBB3,OG,CNA,AMP,
gbc_msk_2018,s_WJ_gb_008_P,RTK-RAS,ERBB3,OG,CNA,AMP,
gbc_msk_2018,s_WJ_gb_040_P,RTK-RAS,ERBB3,OG,CNA,AMP,
gbc_msk_2018,s_WJ_gb_025_P,RTK-RAS,FGFR2,OG,CNA,AMP,
gbc_msk_2018,P-0006812-T01-IM5,RTK-RAS,FGFR3,OG,CNA,AMP,
gbc_msk_2018,P-0012257-T01-IM5,RTK-RAS,FGFR3,OG,CNA,AMP,
gbc_msk_2018,P-0005457-T01-IM5,RTK-RAS,FGFR3,OG,CNA,AMP,
gbc_msk_2018,s_WJ_gb_037_P,RTK-RAS,FGFR3,OG,CNA,AMP,
gbc_msk_2018,s_WJ_gb_034_P,RTK-RAS,FLT3,OG,CNA,AMP,
gbc_msk_2018,s_WJ_gb_001_P,RTK-RAS,IRS2,OG,CNA,AMP,
gbc_msk_2018,s_WJ_gb_024_P,RTK-RAS,JAK2,OG,CNA,AMP,
gbc_msk_2018,P-0003461-T02-IM5,NOTCH,KDM5A,OG,CNA,AMP,
gbc_msk_2018,s_WJ_gb_051_T,RTK-RAS,KRAS,OG,CNA,AMP,
gbc_msk_2018,s_WJ_gb_052_T,RTK-RAS,KRAS,OG,CNA,AMP,
gbc_msk_2018,s_WJ_gb_038_P,RTK-RAS,KRAS,OG,CNA,AMP,
gbc_msk_2018,P-0005800-T01-IM5,TP53,MDM2,OG,CNA,AMP,
gbc_msk_2018,P-0001954-T01-IM3,TP53,MDM2,OG,CNA,AMP,
gbc_msk_2018,P-0003329-T01-IM5,TP53,MDM2,OG,CNA,AMP,
gbc_msk_2018,P-0005992-T01-IM5,TP53,MDM2,OG,CNA,AMP,
gbc_msk_2018,P-0001675-T01-IM3,TP53,MDM2,OG,CNA,AMP,
gbc_msk_2018,P-0009061-T02-IM5,TP53,MDM2,OG,CNA,AMP,
gbc_msk_2018,P-0009713-T01-IM5,TP53,MDM2,OG,CNA,AMP,
gbc_msk_2018,s_WJ_gb_008_P,TP53,MDM2,OG,CNA,AMP,
gbc_msk_2018,s_WJ_gb_013_P,TP53,MDM2,OG,CNA,AMP,
gbc_msk_2018,s_WJ_gb_034_P,TP53,MDM2,OG,CNA,AMP,
gbc_msk_2018,s_WJ_gb_037_P,TP53,MDM2,OG,CNA,AMP,
gbc_msk_2018,s_WJ_gb_040_P,TP53,MDM2,OG,CNA,AMP,
gbc_msk_2018,P-0002361-T01-IM3,RTK-RAS,MET,OG,CNA,AMP,
gbc_msk_2018,s_WJ_gb_047_T,MYC,MYC,OG,CNA,AMP,
gbc_msk_2018,s_WJ_gb_052_T,MYC,MYC,OG,CNA,AMP,
gbc_msk_2018,P-0009713-T01-IM5,MYC,MYC,OG,CNA,AMP,
gbc_msk_2018,s_WJ_gb_025_P,MYC,MYC,OG,CNA,AMP,
gbc_msk_2018,P-0010701-T01-IM5,RTK-RAS,NF1,TSG,CNA,DEL,
gbc_msk_2018,P-0003461-T02-IM5,PI3K,PIK3CA,OG,CNA,AMP,
gbc_msk_2018,P-0005186-T01-IM5,PI3K,PTEN,TSG,CNA,DEL,
gbc_msk_2018,P-0007071-T01-IM5,RTK-RAS,RAC1,OG,CNA,AMP,
gbc_msk_2018,P-0010701-T01-IM5,RTK-RAS,RASA1,TSG,CNA,DEL,
gbc_msk_2018,s_WJ_gb_034_P,Cell_Cycle,RB1,TSG,CNA,DEL,
gbc_msk_2018,P-0003289-T02-IM5,PI3K,RICTOR,OG,CNA,AMP,
gbc_msk_2018,P-0003289-T02-IM5,WNT,RNF43,TSG,CNA,DEL,
gbc_msk_2018,s_WJ_gb_059_T,TGF-Beta,SMAD4,TSG,CNA,DEL,
gbc_msk_2018,P-0003363-T01-IM5,TGF-Beta,SMAD4,TSG,CNA,DEL,
gbc_msk_2018,s_WJ_gb_009_P,TGF-Beta,SMAD4,TSG,CNA,DEL,
gbc_msk_2018,s_WJ_gb_032_P,TGF-Beta,SMAD4,TSG,CNA,DEL,
gbc_msk_2018,s_WJ_gb_046_T,PI3K,TSC2,TSG,CNA,DEL,
ihch_msk_2021,P-0016954-T01-IM6,PI3K,PIK3CB,OG,CNA,AMP,
ihch_msk_2021,P-0035574-T01-IM6,Cell_Cycle,CCND1,OG,CNA,AMP,
ihch_msk_2021,P-0016954-T01-IM6,Cell_Cycle,CCND1,OG,CNA,AMP,
ihch_msk_2021,P-0023593-T01-IM6,Cell_Cycle,CCND1,OG,CNA,AMP,
ihch_msk_2021,P-0019285-T01-IM6,Cell_Cycle,CCND1,OG,CNA,AMP,
ihch_msk_2021,P-0016436-T01-IM6,Cell_Cycle,CCND1,OG,CNA,AMP,
ihch_msk_2021,P-0007520-T01-IM5,Cell_Cycle,CCND1,OG,CNA,AMP,
ihch_msk_2021,P-0027847-T01-IM6,Cell_Cycle,CCND1,OG,CNA,AMP,
ihch_msk_2021,s_C_TKX8RH_T001_d,Cell_Cycle,CCND1,OG,CNA,AMP,
ihch_msk_2021,s_WJ_chol_023_T,Cell_Cycle,CCND1,OG,CNA,AMP,
ihch_msk_2021,s_WJ_chol_036_T,Cell_Cycle,CCND1,OG,CNA,AMP,
ihch_msk_2021,s_WJ_chol_046_T,Cell_Cycle,CCND1,OG,CNA,AMP,
ihch_msk_2021,s_WJ_chol_009_T,Cell_Cycle,CCND3,OG,CNA,AMP,
ihch_msk_2021,s_WJ_chol_108_T,Cell_Cycle,CCND2,OG,CNA,AMP,
ihch_msk_2021,P-0005255-T01-IM5,RTK-RAS,RIT1,OG,CNA,AMP,
ihch_msk_2021,P-0012376-T01-IM5,RTK-RAS,RIT1,OG,CNA,AMP,
ihch_msk_2021,P-0011556-T01-IM5,RTK-RAS,RIT1,OG,CNA,AMP,
ihch_msk_2021,P-0020746-T01-IM6,RTK-RAS,RIT1,OG,CNA,AMP,
ihch_msk_2021,P-0032033-T01-IM6,RTK-RAS,RIT1,OG,CNA,AMP,
ihch_msk_2021,s_WJ_chol_062_T,RTK-RAS,RIT1,OG,CNA,AMP,
ihch_msk_2021,s_C_NJT27K_T001_d,RTK-RAS,RIT1,OG,CNA,AMP,
ihch_msk_2021,s_WJ_chol_036_T,RTK-RAS,RIT1,OG,CNA,AMP,
ihch_msk_2021,P-0010701-T01-IM5,RTK-RAS,NF1,TSG,CNA,DEL,
ihch_msk_2021,P-0006244-T01-IM5,RTK-RAS,NF1,TSG,CNA,DEL,
ihch_msk_2021,P-0001292-T01-IM3,TGF-Beta,SMAD4,TSG,CNA,DEL,
ihch_msk_2021,P-0027691-T01-IM6,TGF-Beta,SMAD4,TSG,CNA,DEL,
ihch_msk_2021,P-0018902-T01-IM6,TGF-Beta,SMAD4,TSG,CNA,DEL,
ihch_msk_2021,P-0039370-T01-IM6,PI3K,TSC1,TSG,CNA,DEL,
ihch_msk_2021,P-0017696-T01-IM6,Hippo,YAP1,OG,CNA,AMP,
ihch_msk_2021,P-0006244-T01-IM5,RTK-RAS,ERBB2,OG,CNA,AMP,
ihch_msk_2021,P-0011240-T01-IM5,RTK-RAS,ERBB2,OG,CNA,AMP,
ihch_msk_2021,P-0000362-T01-IM3,RTK-RAS,ERBB2,OG,CNA,AMP,
ihch_msk_2021,P-0009306-T01-IM5,RTK-RAS,ERBB2,OG,CNA,AMP,
ihch_msk_2021,P-0032563-T01-IM6,RTK-RAS,ERBB2,OG,CNA,AMP,
ihch_msk_2021,s_WJ_chol_085_T,RTK-RAS,ERBB2,OG,CNA,AMP,
ihch_msk_2021,s_WJ_chol_037_T,RTK-RAS,ERBB2,OG,CNA,AMP,
ihch_msk_2021,P-0003160-T01-IM5,RTK-RAS,ERBB3,OG,CNA,AMP,
ihch_msk_2021,P-0005561-T01-IM5,RTK-RAS,ERBB3,OG,CNA,AMP,
ihch_msk_2021,P-0024094-T01-IM6,RTK-RAS,ERBB3,OG,CNA,AMP,
ihch_msk_2021,s_WJ_chol_023_T,RTK-RAS,ERBB3,OG,CNA,AMP,
ihch_msk_2021,P-0003795-T01-IM5,RTK-RAS,EGFR,OG,CNA,AMP,
ihch_msk_2021,P-0023672-T01-IM6,RTK-RAS,EGFR,OG,CNA,AMP,
ihch_msk_2021,P-0002119-T01-IM3,RTK-RAS,EGFR,OG,CNA,AMP,
ihch_msk_2021,P-0037859-T01-IM6,RTK-RAS,EGFR,OG,CNA,AMP,
ihch_msk_2021,s_WJ_chol_062_T,RTK-RAS,EGFR,OG,CNA,AMP,
ihch_msk_2021,s_WJ_chol_108_T,RTK-RAS,EGFR,OG,CNA,AMP,
ihch_msk_2021,P-0037102-T01-IM6,NRF2,NFE2L2,OG,CNA,AMP,
ihch_msk_2021,P-0020976-T01-IM6,Cell_Cycle,CDKN2B,TSG,CNA,DEL,
ihch_msk_2021,P-0006583-T01-IM5,Cell_Cycle,CDKN2B,TSG,CNA,DEL,
ihch_msk_2021,P-0023297-T01-IM6,Cell_Cycle,CDKN2B,TSG,CNA,DEL,
ihch_msk_2021,P-0001292-T01-IM3,Cell_Cycle,CDKN2B,TSG,CNA,DEL,
ihch_msk_2021,P-0005835-T01-IM5,Cell_Cycle,CDKN2B,TSG,CNA,DEL,
ihch_msk_2021,P-0010701-T01-IM5,Cell_Cycle,CDKN2B,TSG,CNA,DEL,
ihch_msk_2021,P-0021923-T01-IM6,Cell_Cycle,CDKN2B,TSG,CNA,DEL,
ihch_msk_2021,P-0037881-T01-IM6,Cell_Cycle,CDKN2B,TSG,CNA,DEL,
ihch_msk_2021,P-0037916-T01-IM6,Cell_Cycle,CDKN2B,TSG,CNA,DEL,
ihch_msk_2021,P-0037962-T01-IM6,Cell_Cycle,CDKN2B,TSG,CNA,DEL,
ihch_msk_2021,P-0012155-T01-IM5,Cell_Cycle,CDKN2B,TSG,CNA,DEL,
ihch_msk_2021,P-0018664-T01-IM6,Cell_Cycle,CDKN2B,TSG,CNA,DEL,
ihch_msk_2021,P-0031309-T02-IM6,Cell_Cycle,CDKN2B,TSG,CNA,DEL,
ihch_msk_2021,P-0023672-T01-IM6,Cell_Cycle,CDKN2B,TSG,CNA,DEL,
ihch_msk_2021,P-0016006-T01-IM6,Cell_Cycle,CDKN2B,TSG,CNA,DEL,
ihch_msk_2021,P-0013241-T01-IM5,Cell_Cycle,CDKN2B,TSG,CNA,DEL,
ihch_msk_2021,P-0002119-T01-IM3,Cell_Cycle,CDKN2B,TSG,CNA,DEL,
ihch_msk_2021,P-0007213-T01-IM5,Cell_Cycle,CDKN2B,TSG,CNA,DEL,
ihch_msk_2021,P-0032234-T01-IM6,Cell_Cycle,CDKN2B,TSG,CNA,DEL,
ihch_msk_2021,P-0032563-T01-IM6,Cell_Cycle,CDKN2B,TSG,CNA,DEL,
ihch_msk_2021,P-0020961-T01-IM6,Cell_Cycle,CDKN2B,TSG,CNA,DEL,
ihch_msk_2021,P-0028624-T01-IM6,Cell_Cycle,CDKN2B,TSG,CNA,DEL,
ihch_msk_2021,P-0017971-T01-IM6,Cell_Cycle,CDKN2B,TSG,CNA,DEL,
ihch_msk_2021,P-0018902-T01-IM6,Cell_Cycle,CDKN2B,TSG,CNA,DEL,
ihch_msk_2021,P-0023266-T01-IM6,Cell_Cycle,CDKN2B,TSG,CNA,DEL,
ihch_msk_2021,P-0017511-T01-IM6,Cell_Cycle,CDKN2B,TSG,CNA,DEL,
ihch_msk_2021,P-0012644-T01-IM5,Cell_Cycle,CDKN2B,TSG,CNA,DEL,
ihch_msk_2021,P-0024094-T01-IM6,Cell_Cycle,CDKN2B,TSG,CNA,DEL,
ihch_msk_2021,P-0036277-T01-IM6,Cell_Cycle,CDKN2B,TSG,CNA,DEL,
ihch_msk_2021,P-0039370-T01-IM6,Cell_Cycle,CDKN2B,TSG,CNA,DEL,
ihch_msk_2021,P-0030835-T01-IM6,Cell_Cycle,CDKN2B,TSG,CNA,DEL,
ihch_msk_2021,P-0012666-T01-IM5,Cell_Cycle,CDKN2B,TSG,CNA,DEL,
ihch_msk_2021,s_WJ_chol_057_T,Cell_Cycle,CDKN2B,TSG,CNA,DEL,
ihch_msk_2021,s_WJ_chol_063_T,Cell_Cycle,CDKN2B,TSG,CNA,DEL,
ihch_msk_2021,s_WJ_chol_070_T,Cell_Cycle,CDKN2B,TSG,CNA,DEL,
ihch_msk_2021,s_WJ_chol_072_T,Cell_Cycle,CDKN2B,TSG,CNA,DEL,
ihch_msk_2021,s_WJ_chol_077_T,Cell_Cycle,CDKN2B,TSG,CNA,DEL,
ihch_msk_2021,s_WJ_chol_086_T,Cell_Cycle,CDKN2B,TSG,CNA,DEL,
ihch_msk_2021,s_WJ_chol_090_T,Cell_Cycle,CDKN2B,TSG,CNA,DEL,
ihch_msk_2021,s_WJ_chol_106_T,Cell_Cycle,CDKN2B,TSG,CNA,DEL,
ihch_msk_2021,s_WJ_chol_113_T,Cell_Cycle,CDKN2B,TSG,CNA,DEL,
ihch_msk_2021,s_WJ_chol_021_T,Cell_Cycle,CDKN2B,TSG,CNA,DEL,
ihch_msk_2021,s_WJ_chol_023_T,Cell_Cycle,CDKN2B,TSG,CNA,DEL,
ihch_msk_2021,s_WJ_chol_032_T1,Cell_Cycle,CDKN2B,TSG,CNA,DEL,
ihch_msk_2021,s_WJ_chol_038_T,Cell_Cycle,CDKN2B,TSG,CNA,DEL,
ihch_msk_2021,s_SL_chc_016_P,Cell_Cycle,CDKN2B,TSG,CNA,DEL,
ihch_msk_2021,P-0023672-T01-IM6,Cell_Cycle,CDKN2C,TSG,CNA,DEL,
ihch_msk_2021,P-0020976-T01-IM6,Cell_Cycle,CDKN2A,TSG,CNA,DEL,
ihch_msk_2021,P-0006583-T01-IM5,Cell_Cycle,CDKN2A,TSG,CNA,DEL,
ihch_msk_2021,P-0023297-T01-IM6,Cell_Cycle,CDKN2A,TSG,CNA,DEL,
ihch_msk_2021,P-0035868-T01-IM6,Cell_Cycle,CDKN2A,TSG,CNA,DEL,
ihch_msk_2021,P-0002135-T01-IM3,Cell_Cycle,CDKN2A,TSG,CNA,DEL,
ihch_msk_2021,P-0001292-T01-IM3,Cell_Cycle,CDKN2A,TSG,CNA,DEL,
ihch_msk_2021,P-0005835-T01-IM5,Cell_Cycle,CDKN2A,TSG,CNA,DEL,
ihch_msk_2021,P-0010701-T01-IM5,Cell_Cycle,CDKN2A,TSG,CNA,DEL,
ihch_msk_2021,P-0021923-T01-IM6,Cell_Cycle,CDKN2A,TSG,CNA,DEL,
ihch_msk_2021,P-0037881-T01-IM6,Cell_Cycle,CDKN2A,TSG,CNA,DEL,
ihch_msk_2021,P-0037916-T01-IM6,Cell_Cycle,CDKN2A,TSG,CNA,DEL,
ihch_msk_2021,P-0037962-T01-IM6,Cell_Cycle,CDKN2A,TSG,CNA,DEL,
ihch_msk_2021,P-0012155-T01-IM5,Cell_Cycle,CDKN2A,TSG,CNA,DEL,
ihch_msk_2021,P-0018664-T01-IM6,Cell_Cycle,CDKN2A,TSG,CNA,DEL,
ihch_msk_2021,P-0031309-T02-IM6,Cell_Cycle,CDKN2A,TSG,CNA,DEL,
ihch_msk_2021,P-0029067-T01-IM6,Cell_Cycle,CDKN2A,TSG,CNA,DEL,
ihch_msk_2021,P-0023672-T01-IM6,Cell_Cycle,CDKN2A,TSG,CNA,DEL,
ihch_msk_2021,P-0013241-T01-IM5,Cell_Cycle,CDKN2A,TSG,CNA,DEL,
ihch_msk_2021,P-0002119-T01-IM3,Cell_Cycle,CDKN2A,TSG,CNA,DEL,
ihch_msk_2021,P-0007213-T01-IM5,Cell_Cycle,CDKN2A,TSG,CNA,DEL,
ihch_msk_2021,P-0032234-T01-IM6,Cell_Cycle,CDKN2A,TSG,CNA,DEL,
ihch_msk_2021,P-0032563-T01-IM6,Cell_Cycle,CDKN2A,TSG,CNA,DEL,
ihch_msk_2021,P-0020961-T01-IM6,Cell_Cycle,CDKN2A,TSG,CNA,DEL,
ihch_msk_2021,P-0028624-T01-IM6,Cell_Cycle,CDKN2A,TSG,CNA,DEL,
ihch_msk_2021,P-0017971-T01-IM6,Cell_Cycle,CDKN2A,TSG,CNA,DEL,
ihch_msk_2021,P-0029964-T01-IM6,Cell_Cycle,CDKN2A,TSG,CNA,DEL,
ihch_msk_2021,P-0018902-T01-IM6,Cell_Cycle,CDKN2A,TSG,CNA,DEL,
ihch_msk_2021,P-0000327-T01-IM3,Cell_Cycle,CDKN2A,TSG,CNA,DEL,
ihch_msk_2021,P-0023266-T01-IM6,Cell_Cycle,CDKN2A,TSG,CNA,DEL,
ihch_msk_2021,P-0012644-T01-IM5,Cell_Cycle,CDKN2A,TSG,CNA,DEL,
ihch_msk_2021,P-0024094-T01-IM6,Cell_Cycle,CDKN2A,TSG,CNA,DEL,
ihch_msk_2021,P-0036277-T01-IM6,Cell_Cycle,CDKN2A,TSG,CNA,DEL,
ihch_msk_2021,P-0039370-T01-IM6,Cell_Cycle,CDKN2A,TSG,CNA,DEL,
ihch_msk_2021,P-0030835-T01-IM6,Cell_Cycle,CDKN2A,TSG,CNA,DEL,
ihch_msk_2021,P-0012666-T01-IM5,Cell_Cycle,CDKN2A,TSG,CNA,DEL,
ihch_msk_2021,P-0012155-T01-IM5,MYC,MYCN,OG,CNA,AMP,
ihch_msk_2021,P-0015738-T01-IM6,Cell_Cycle,CCNE1,OG,CNA,AMP,
ihch_msk_2021,P-0003478-T01-IM5,TGF-Beta,TGFBR2,TSG,CNA,DEL,
ihch_msk_2021,s_WJ_chol_077_T,TGF-Beta,TGFBR2,TSG,CNA,DEL,
ihch_msk_2021,P-0017696-T01-IM6,TGF-Beta,TGFBR1,TSG,CNA,DEL,
ihch_msk_2021,P-0023266-T01-IM6,TGF-Beta,TGFBR1,TSG,CNA,DEL,
ihch_msk_2021,P-0027691-T01-IM6,NRF2,KEAP1,TSG,CNA,DEL,
ihch_msk_2021,P-0024094-T01-IM6,Cell_Cycle,CDK4,OG,CNA,AMP,
ihch_msk_2021,s_C_62YLL6_T001_d,Cell_Cycle,CDK4,OG,CNA,AMP,
ihch_msk_2021,s_WJ_chol_023_T,Cell_Cycle,CDK4,OG,CNA,AMP,
ihch_msk_2021,P-0037916-T01-IM6,Cell_Cycle,CDK6,OG,CNA,AMP,
ihch_msk_2021,P-0023672-T01-IM6,Cell_Cycle,CDK6,OG,CNA,AMP,
ihch_msk_2021,P-0039269-T01-IM6,Cell_Cycle,CDK6,OG,CNA,AMP,
ihch_msk_2021,s_WJ_chol_092_T,Cell_Cycle,CDK6,OG,CNA,AMP,
ihch_msk_2021,s_WJ_chol_030_T,Cell_Cycle,CDK6,OG,CNA,AMP,
ihch_msk_2021,P-0020671-T01-IM6,Cell_Cycle,RB1,TSG,CNA,DEL,
ihch_msk_2021,s_WJ_chol_106_T,NOTCH,NOTCH1,TSG,CNA,DEL,
ihch_msk_2021,P-0021672-T01-IM6,RTK-RAS,FGFR4,OG,CNA,AMP,
ihch_msk_2021,P-0005561-T01-IM5,RTK-RAS,FGFR4,OG,CNA,AMP,
ihch_msk_2021,P-0039269-T01-IM6,RTK-RAS,FGFR4,OG,CNA,AMP,
ihch_msk_2021,P-0004252-T01-IM5,RTK-RAS,MET,OG,CNA,AMP,
ihch_msk_2021,P-0039269-T01-IM6,RTK-RAS,MET,OG,CNA,AMP,
ihch_msk_2021,P-0018902-T01-IM6,RTK-RAS,MET,OG,CNA,AMP,
ihch_msk_2021,P-0005161-T01-IM5,RTK-RAS,FGFR2,OG,CNA,AMP,
ihch_msk_2021,s_WJ_chol_085_T,RTK-RAS,FGFR2,OG,CNA,AMP,
ihch_msk_2021,s_C_62YLL6_T001_d,RTK-RAS,FGFR2,OG,CNA,AMP,
ihch_msk_2021,s_WJ_chol_037_T,RTK-RAS,FGFR2,OG,CNA,AMP,
ihch_msk_2021,P-0003160-T01-IM5,TP53,MDM2,OG,CNA,AMP,
ihch_msk_2021,P-0031039-T01-IM6,TP53,MDM2,OG,CNA,AMP,
ihch_msk_2021,P-0003701-T01-IM5,TP53,MDM2,OG,CNA,AMP,
ihch_msk_2021,P-0022089-T01-IM6,TP53,MDM2,OG,CNA,AMP,
ihch_msk_2021,P-0016712-T01-IM6,TP53,MDM2,OG,CNA,AMP,
ihch_msk_2021,P-0007213-T01-IM5,TP53,MDM2,OG,CNA,AMP,
ihch_msk_2021,P-0009306-T01-IM5,TP53,MDM2,OG,CNA,AMP,
ihch_msk_2021,P-0026424-T01-IM6,TP53,MDM2,OG,CNA,AMP,
ihch_msk_2021,P-0024094-T01-IM6,TP53,MDM2,OG,CNA,AMP,
ihch_msk_2021,P-0033136-T01-IM6,TP53,MDM2,OG,CNA,AMP,
ihch_msk_2021,s_C_62YLL6_T001_d,TP53,MDM2,OG,CNA,AMP,
ihch_msk_2021,s_WJ_chol_023_T,TP53,MDM2,OG,CNA,AMP,
ihch_msk_2021,s_WJ_chol_036_T,TP53,MDM2,OG,CNA,AMP,
ihch_msk_2021,P-0012376-T01-IM5,TP53,MDM4,OG,CNA,AMP,
ihch_msk_2021,P-0025807-T01-IM6,TP53,MDM4,OG,CNA,AMP,
ihch_msk_2021,P-0011556-T01-IM5,TP53,MDM4,OG,CNA,AMP,
ihch_msk_2021,P-0026213-T01-IM6,TP53,MDM4,OG,CNA,AMP,
ihch_msk_2021,s_WJ_chol_062_T,TP53,MDM4,OG,CNA,AMP,
ihch_msk_2021,s_WJ_chol_069_T,TP53,MDM4,OG,CNA,AMP,
ihch_msk_2021,P-0011240-T01-IM5,RTK-RAS,FGFR3,OG,CNA,AMP,
ihch_msk_2021,P-0002213-T01-IM3,RTK-RAS,FGFR3,OG,CNA,AMP,
ihch_msk_2021,s_C_RXFEX7_T001_d,RTK-RAS,FGFR1,OG,CNA,AMP,
ihch_msk_2021,s_WJ_chol_046_T,RTK-RAS,FGFR1,OG,CNA,AMP,
ihch_msk_2021,P-0014261-T01-IM6,WNT,TCF7L2,TSG,CNA,DEL,
ihch_msk_2021,P-0037916-T01-IM6,WNT,AXIN1,TSG,CNA,DEL,
ihch_msk_2021,P-0007275-T01-IM5,WNT,AXIN1,TSG,CNA,DEL,
ihch_msk_2021,P-0012376-T01-IM5,RTK-RAS,NTRK1,OG,CNA,AMP,
ihch_msk_2021,P-0011556-T01-IM5,RTK-RAS,NTRK1,OG,CNA,AMP,
ihch_msk_2021,P-0020746-T01-IM6,RTK-RAS,NTRK1,OG,CNA,AMP,
ihch_msk_2021,P-0032033-T01-IM6,RTK-RAS,NTRK1,OG,CNA,AMP,
ihch_msk_2021,s_WJ_chol_062_T,RTK-RAS,NTRK1,OG,CNA,AMP,
ihch_msk_2021,s_C_NJT27K_T001_d,RTK-RAS,NTRK1,OG,CNA,AMP,
ihch_msk_2021,s_WJ_chol_036_T,RTK-RAS,NTRK1,OG,CNA,AMP,
ihch_msk_2021,P-0018115-T01-IM6,MYC,MYC,OG,CNA,AMP,
ihch_msk_2021,P-0002059-T01-IM3,MYC,MYC,OG,CNA,AMP,
ihch_msk_2021,P-0016712-T01-IM6,MYC,MYC,OG,CNA,AMP,
ihch_msk_2021,P-0005161-T01-IM5,MYC,MYC,OG,CNA,AMP,
ihch_msk_2021,P-0015738-T01-IM6,MYC,MYC,OG,CNA,AMP,
ihch_msk_2021,s_WJ_chol_053_T,MYC,MYC,OG,CNA,AMP,
ihch_msk_2021,s_WJ_chol_085_T,MYC,MYC,OG,CNA,AMP,
ihch_msk_2021,s_WJ_chol_087_T,MYC,MYC,OG,CNA,AMP,
ihch_msk_2021,s_WJ_chol_024_T,MYC,MYC,OG,CNA,AMP,
ihch_msk_2021,s_C_RXFEX7_T001_d,MYC,MYC,OG,CNA,AMP,
ihch_msk_2021,s_WJ_chol_007_T,MYC,MYC,OG,CNA,AMP,
ihch_msk_2021,s_WJ_chol_049_T,MYC,MYC,OG,CNA,AMP,
ihch_msk_2021,P-0018902-T01-IM6,TGF-Beta,SMAD2,TSG,CNA,DEL,
ihch_msk_2021,s_WJ_chol_108_T,RTK-RAS,RAF1,OG,CNA,AMP,
ihch_msk_2021,P-0009596-T01-IM5,RTK-RAS,KRAS,OG,CNA,AMP,
ihch_msk_2021,P-0023593-T01-IM6,NOTCH,KDM5A,OG,CNA,AMP,
ihch_msk_2021,P-0012155-T01-IM5,NOTCH,KDM5A,OG,CNA,AMP,
ihch_msk_2021,s_WJ_chol_108_T,NOTCH,KDM5A,OG,CNA,AMP,
ihch_msk_2021,P-0035574-T01-IM6,RTK-RAS,RASA1,TSG,CNA,DEL,
ihch_msk_2021,P-0010701-T01-IM5,RTK-RAS,RASA1,TSG,CNA,DEL,
ihch_msk_2021,P-0023672-T01-IM6,RTK-RAS,RASA1,TSG,CNA,DEL,
ihch_msk_2021,P-0003590-T01-IM5,RTK-RAS,RASA1,TSG,CNA,DEL,
ihch_msk_2021,P-0022369-T01-IM6,RTK-RAS,RASA1,TSG,CNA,DEL,
ihch_msk_2021,P-0027691-T01-IM6,RTK-RAS,MAPK1,OG,CNA,AMP,
ihch_msk_2021,P-0020345-T01-IM6,RTK-RAS,MAPK1,OG,CNA,AMP,
ihch_msk_2021,s_WJ_chol_072_T,Hippo,WWTR1,OG,CNA,AMP,
chol_msk_2018,P-0000644-T01-IM3,RTK-RAS,FGFR2,OG,SV,FUSION,
chol_msk_2018,P-0001638-T01-IM3,RTK-RAS,FGFR2,OG,SV,FUSION,
chol_msk_2018,P-0002039-T01-IM3,RTK-RAS,FGFR2,OG,SV,FUSION,
chol_msk_2018,P-0002675-T01-IM3,RTK-RAS,FGFR2,OG,SV,FUSION,
chol_msk_2018,P-0003177-T01-IM5,RTK-RAS,FGFR2,OG,SV,FUSION,
chol_msk_2018,P-0004520-T01-IM5,RTK-RAS,FGFR2,OG,SV,FUSION,
chol_msk_2018,P-0005140-T01-IM5,RTK-RAS,FGFR2,OG,SV,FUSION,
chol_msk_2018,P-0005291-T01-IM5,RTK-RAS,FGFR2,OG,SV,FUSION,
chol_msk_2018,P-0005538-T01-IM5,RTK-RAS,FGFR2,OG,SV,FUSION,
chol_msk_2018,P-0006235-T01-IM5,RTK-RAS,FGFR2,OG,SV,FUSION,
chol_msk_2018,P-0006328-T01-IM5,RTK-RAS,FGFR2,OG,SV,FUSION,
chol_msk_2018,P-0007041-T01-IM5,RTK-RAS,MAP2K1,OG,SV,FUSION,
chol_msk_2018,P-0008146-T01-IM5,RTK-RAS,FGFR2,OG,SV,FUSION,
chol_msk_2018,P-0008658-T01-IM5,RTK-RAS,FGFR2,OG,SV,FUSION,
chol_msk_2018,P-0008693-T01-IM5,RTK-RAS,FGFR2,OG,SV,FUSION,
chol_msk_2018,P-0009512-T01-IM5,RTK-RAS,FGFR2,OG,SV,FUSION,
chol_msk_2018,P-0009694-T01-IM5,RTK-RAS,BRAF,OG,SV,FUSION,
chol_msk_2018,P-0010761-T01-IM5,RTK-RAS,FGFR2,OG,SV,FUSION,
chol_msk_2018,P-0011394-T01-IM5,RTK-RAS,FGFR2,OG,SV,FUSION,
chol_msk_2018,P-0011516-T01-IM5,RTK-RAS,FGFR2,OG,SV,FUSION,
chol_msk_2018,P-0012423-T01-IM5,RTK-RAS,FGFR2,OG,SV,FUSION,
chol_tcga_pan_can_atlas_2018,TCGA-W5-AA2Q-01,RTK-RAS,FGFR2,OG,SV,FUSION,
chol_tcga_pan_can_atlas_2018,TCGA-W5-AA2W-01,RTK-RAS,FGFR2,OG,SV,FUSION,
chol_tcga_pan_can_atlas_2018,TCGA-W5-AA2Z-01,RTK-RAS,FGFR2,OG,SV,FUSION,
chol_tcga_pan_can_atlas_2018,TCGA-W6-AA0S-01,Hippo,AJUBA,OG,SV,FUSION,
chol_tcga_pan_can_atlas_2018,TCGA-W6-AA0S-01,RTK-RAS,NRAS,OG,SV,FUSION,
chol_tcga_pan_can_atlas_2018,TCGA-ZH-A8Y1-01,RTK-RAS,FGFR2,OG,SV,FUSION,
chol_tcga_pan_can_atlas_2018,TCGA-ZH-A8Y5-01,RTK-RAS,FGFR2,OG,SV,FUSION,
gbc_msk_2018,P-0003329-T01-IM5,RTK-RAS,NTRK1,OG,SV,FUSION,
gbc_msk_2018,P-0012257-T01-IM5,RTK-RAS,FGFR3,OG,SV,FUSION,
ihch_msk_2021,P-0010761-T01-IM5,RTK-RAS,FGFR2,OG,SV,FUSION,
ihch_msk_2021,P-0005140-T01-IM5,RTK-RAS,FGFR2,OG,SV,FUSION,
ihch_msk_2021,P-0025835-T01-IM6,RTK-RAS,FGFR2,OG,SV,FUSION,
ihch_msk_2021,P-0034399-T01-IM6,RTK-RAS,FGFR2,OG,SV,FUSION,
ihch_msk_2021,P-0035868-T01-IM6,RTK-RAS,ROS1,OG,SV,FUSION,
ihch_msk_2021,P-0035071-T01-IM6,RTK-RAS,FGFR2,OG,SV,FUSION,
ihch_msk_2021,P-0012376-T01-IM5,RTK-RAS,FGFR2,OG,SV,FUSION,
ihch_msk_2021,s_WJ_chol_005_T,RTK-RAS,BRAF,OG,SV,FUSION,
ihch_msk_2021,s_WJ_chol_011_T,Cell_Cycle,CCND1,OG,SV,FUSION,
ihch_msk_2021,s_WJ_chol_052_T,RTK-RAS,FGFR2,OG,SV,FUSION,
ihch_msk_2021,s_WJ_chol_105_T,RTK-RAS,FGFR2,OG,SV,FUSION,
ihch_msk_2021,s_WJ_chol_098_T,RTK-RAS,FGFR2,OG,SV,FUSION,
ihch_msk_2021,s_WJ_chol_001_T,RTK-RAS,FGFR2,OG,SV,FUSION,
ihch_msk_2021,s_WJ_chol_068_T,RTK-RAS,FGFR2,OG,SV,FUSION,
ihch_msk_2021,s_WJ_chol_037_T,RTK-RAS,FGFR2,OG,SV,FUSION,
ihch_msk_2021,P-0037102-T01-IM6,RTK-RAS,FGFR2,OG,SV,FUSION,
ihch_msk_2021,s_WJ_chol_002_T,RTK-RAS,FGFR2,OG,SV,FUSION,
ihch_msk_2021,s_WJ_chol_106_T,RTK-RAS,FGFR2,OG,SV,FUSION,
ihch_msk_2021,s_WJ_chol_085_T,RTK-RAS,FGFR2,OG,SV,FUSION,
ihch_msk_2021,P-0020976-T01-IM6,RTK-RAS,FGFR2,OG,SV,FUSION,
ihch_msk_2021,P-0039269-T01-IM6,RTK-RAS,MET,OG,SV,FUSION,
ihch_msk_2021,P-0027623-T01-IM6,RTK-RAS,FGFR2,OG,SV,FUSION,
ihch_msk_2021,P-0032208-T01-IM6,RTK-RAS,FGFR2,OG,SV,FUSION,
ihch_msk_2021,P-0023103-T01-IM6,RTK-RAS,FGFR2,OG,SV,FUSION,
ihch_msk_2021,s_WJ_chol_028_T,RTK-RAS,FGFR2,OG,SV,FUSION,
ihch_msk_2021,P-0037102-T01-IM6,RTK-RAS,FGFR4,OG,SV,FUSION,
ihch_msk_2021,P-0037881-T01-IM6,RTK-RAS,NTRK1,OG,SV,FUSION,
ihch_msk_2021,P-0037617-T01-IM6,RTK-RAS,FGFR2,OG,SV,FUSION,
ihch_msk_2021,P-0025807-T01-IM6,RTK-RAS,FGFR2,OG,SV,FUSION,
ihch_msk_2021,P-0015942-T01-IM6,RTK-RAS,FGFR2,OG,SV,FUSION,
ihch_msk_2021,P-0018115-T01-IM6,RTK-RAS,FGFR2,OG,SV,FUSION,
ihch_msk_2021,P-0020186-T01-IM6,RTK-RAS,FGFR2,OG,SV,FUSION,
ihch_msk_2021,P-0029067-T01-IM6,RTK-RAS,FGFR2,OG,SV,FUSION,
ihch_msk_2021,P-0032033-T01-IM6,RTK-RAS,FGFR2,OG,SV,FUSION,
ihch_msk_2021,P-0021327-T01-IM6,RTK-RAS,FGFR2,OG,SV,FUSION,
ihch_msk_2021,P-0020410-T01-IM6,RTK-RAS,FGFR2,OG,SV,FUSION,
ihch_msk_2021,P-0016195-T01-IM6,RTK-RAS,FGFR2,OG,SV,FUSION,
ihch_msk_2021,P-0024094-T01-IM6,RTK-RAS,FGFR2,OG,SV,FUSION,
ihch_msk_2021,P-0036358-T01-IM6,RTK-RAS,FGFR2,OG,SV,FUSION,
ihch_msk_2021,P-0016006-T01-IM6,RTK-RAS,MET,OG,SV,FUSION,
ihch_msk_2021,P-0029892-T03-IM6,RTK-RAS,NTRK1,OG,SV,FUSION,
ihch_msk_2021,P-0039370-T01-IM6,RTK-RAS,FGFR2,OG,SV,FUSION,
ihch_msk_2021,P-0000644-T01-IM3,RTK-RAS,FGFR2,OG,SV,FUSION,
ihch_msk_2021,P-0011516-T01-IM5,RTK-RAS,FGFR2,OG,SV,FUSION,
ihch_msk_2021,P-0012666-T01-IM5,RTK-RAS,FGFR2,OG,SV,FUSION,
ihch_msk_2021,P-0013241-T01-IM5,RTK-RAS,FGFR2,OG,SV,FUSION,
ihch_msk_2021,P-0008146-T01-IM5,RTK-RAS,FGFR2,OG,SV,FUSION,
ihch_msk_2021,P-0003177-T01-IM5,RTK-RAS,FGFR2,OG,SV,FUSION,
ihch_msk_2021,P-0009512-T01-IM5,RTK-RAS,FGFR2,OG,SV,FUSION,
ihch_msk_2021,P-0002675-T01-IM3,RTK-RAS,FGFR2,OG,SV,FUSION,
ihch_msk_2021,P-0006885-T01-IM5,RTK-RAS,FGFR2,OG,SV,FUSION,
ihch_msk_2021,P-0008658-T01-IM5,RTK-RAS,FGFR2,OG,SV,FUSION,
ihch_msk_2021,P-0013405-T01-IM5,RTK-RAS,FGFR2,OG,SV,FUSION,
ihch_msk_2021,P-0011394-T01-IM5,RTK-RAS,FGFR2,OG,SV,FUSION,
ihch_msk_2021,P-0002039-T01-IM3,RTK-RAS,FGFR2,OG,SV,FUSION,
ihch_msk_2021,P-0023701-T01-IM6,PI3K,RPTOR,OG,SV,FUSION,
ihch_msk_2021,P-0024187-T01-IM6,RTK-RAS,FGFR2,OG,SV,FUSION,
ihch_msk_2021,P-0012639-T01-IM5,RTK-RAS,FGFR2,OG,SV,FUSION,
ihch_msk_2021,P-0039370-T01-IM6,RTK-RAS,FGFR3,OG,SV,FUSION,
ihch_msk_2021,P-0032507-T01-IM6,RTK-RAS,FGFR2,OG,SV,FUSION,
